real,simple_pred,multi_pred
22750,14626.838394091803,22651.659464128017
12000,12343.920340143695,11980.068784987556
3450,10536.610214101443,2315.977188604087
6000,12914.649853630723,5952.164153717415
21725,12581.724304096622,21780.260303287236
24000,13889.646105837726,23322.181222058178
8000,14721.959979672974,8018.611089769409
15000,12273.768170777581,14954.514860730944
11500,11630.50844828491,11538.67058730846
10100,12106.116376190766,11831.642988690533
25925,12439.041925724865,25741.50604336318
20000,12962.210646421307,19986.87457163105
7600,12819.528268049551,7268.709369984186
24000,14579.277601301217,23790.594773548357
12000,13770.744123861263,13514.855563778978
14075,11107.33972758847,14033.503856723584
19425,11868.31241223784,19030.22397013128
30000,13295.136195955407,29767.512337268163
9100,12248.798754562524,8972.40746247509
16000,12343.920340143695,16184.774325856737
24375,12557.94390770133,22022.45566118099
2350,10536.610214101443,1529.7367906742747
35000,14531.716808510631,33390.10696858677
10000,12581.724304096622,9973.027737512364
12000,13057.332232002478,12166.388668692618
21000,25898.746285460584,20446.99332955311
3000,12724.40668246838,2525.3299654791135
35000,15910.979799437613,33174.94886383902
5000,11107.33972758847,5073.406439710301
8000,12819.528268049551,8070.131642821201
17800,12550.334180854836,18387.4808811857
22050,12914.649853630723,21157.420612890273
11500,12724.40668246838,11479.392030875131
12000,13532.940159908334,11936.268618132524
18000,14246.352051767117,18003.65654409083
2000,11511.416223137285,1931.0664391938244
10550,13152.45381758365,10571.622452304944
10350,13211.904808571882,10364.922988320368
12000,12106.116376190766,11759.458346265781
15825,12819.528268049551,15988.710358213544
10650,16148.78376339054,10666.943260872567
22400,15673.175835484686,21748.631639800296
25000,19478.03925873153,25538.877508002945
2000,10560.390610496735,1741.3252004645183
12000,12343.920340143695,12001.123282500643
10150,11392.704484331984,11876.036020351728
24000,28990.197816848646,24113.814711491817
5600,12106.116376190766,5252.105724143694
6500,12819.528268049551,6325.740258271386
16000,12248.798754562524,16342.887028541374
6350,11535.386862703741,5920.233306564434
11000,13770.744123861263,11012.15322170076
11350,13057.332232002478,11391.465372411056
35000,23948.753781046573,38340.52304445589
10000,12106.116376190766,10002.511374223528
7500,12127.51873294653,7393.222977032472
7200,12867.089060840135,6548.063262979855
8475,12201.237961771938,8298.177832352318
13775,12415.261529329573,13958.926398667087
21250,13318.916592350699,20599.501831454094
6400,11563.923338378092,9589.823169693174
35000,16148.78376339054,36208.054092092505
13000,11949.165759981835,13054.073580037586
21000,12819.528268049551,21115.443067687716
11100,11392.704484331984,11014.223450862499
2400,10993.193824891065,1301.0384529908379
24600,13295.136195955407,23892.70331322091
18000,17523.243114245673,18288.739020685105
24250,13057.332232002478,24687.302884969395
9450,11297.582898750812,9522.04287805536
15000,12914.649853630723,15314.623968593789
11700,11630.50844828491,11569.487555208429
30225,12439.041925724865,26545.67251165676
16000,16624.391691296398,16024.360838672443
14000,12439.041925724865,14141.733438669407
15000,14008.54808781419,15110.153510018876
24000,13723.183331070677,23437.558252314207
15250,13152.45381758365,15598.65927853534
10000,14083.789262008897,9989.074875654167
12150,13723.183331070677,12205.138737357878
18250,12106.116376190766,18031.416630854255
1600,11392.704484331984,1960.8373801662383
10000,12248.798754562524,9924.781681768725
17475,11630.50844828491,17735.416706108474
32000,13295.136195955407,32203.41495093787
8000,11867.55143955319,7785.149787097062
2500,17099.99961920225,2110.251461839078
35000,15007.324736416487,32380.313924227943
19500,11868.31241223784,19630.538119603334
29000,17813.411511061036,30044.279541477787
6400,11392.704484331984,6175.8778539614705
11700,11630.50844828491,13525.583424338283
9750,11244.314810825355,9895.146245026064
11000,14389.034430138874,11037.954164014393
12000,14293.912844557704,11985.826091362063
20000,15673.175835484686,20529.861787571943
6400,11868.31241223784,6381.662912486645
7000,17099.99961920225,7015.498356057669
16000,14650.618790487095,16197.509878352392
18000,14674.399186882387,18024.609976061896
25000,14959.763943625901,24836.81305223395
17000,14008.54808781419,16945.415705894768
18000,12058.55558340018,17736.766771614937
20000,12034.775187004889,20310.12227226083
5500,12903.520628117725,5823.172449530923
14000,11955.443784630192,14105.457982161179
3000,13532.940159908334,2688.8835414582136
10575,11400.314211178476,12410.980928026473
20000,14531.716808510631,20091.81685652281
30000,16148.78376339054,31590.849253912973
35000,15530.493457112927,33075.48698715312
9350,12819.528268049551,9432.976254840534
29700,13532.940159908334,31051.03895885223
5750,10655.512196077907,5407.141980732289
14000,12819.528268049551,15092.127328276636
13000,11868.31241223784,14209.445018805241
11300,12010.994790609595,11307.540692755554
19000,12771.967475258965,19166.468183339974
7000,14721.959979672974,7070.369950175969
17250,12248.798754562524,17602.053562627705
20000,13580.50095269892,20715.95231084546
3000,12819.528268049551,2990.064120323066
12000,12634.041176166267,11901.864984151895
10000,12343.920340143695,10058.392942221146
13000,12819.528268049551,13018.91537071263
12000,19478.03925873153,12241.330753029592
24925,13200.014610374235,23411.901656773895
19200,13200.014610374235,18861.38203905937
11875,12581.724304096622,13090.10453055272
6000,13200.014610374235,6049.361115165668
10000,15673.175835484686,10055.697033055081
13850,12106.116376190766,13852.0837536924
6000,11963.433997819011,5679.08518555029
5000,13310.11784568444,4765.469110109099
15000,12819.528268049551,14923.436255760886
8000,11773.190826656668,8074.182149165112
7200,13437.818574327162,7101.1251813252
1500,11915.873205028425,855.3456620665111
28000,13799.280599535614,26357.690642835412
15000,14484.156015720046,15074.57770339537
26000,15673.175835484686,27376.071779285718
30000,15554.27385350822,28570.154879778434
12000,12129.89677258606,11921.997346301103
22400,16624.391691296398,21638.010774484705
15000,14769.520772463558,16073.599898122293
10000,14959.763943625901,9991.788758254786
3000,10650.756116798848,2885.721579170364
26500,12819.528268049551,23787.942785008236
20000,15340.250285950586,20203.640628369998
20000,12867.089060840135,20343.807603739027
13000,12581.724304096622,14244.902976264662
18000,16006.101385018785,18006.295413533953
30000,15673.175835484686,28022.67647935127
8500,11487.826069913155,8555.951938324928
6000,13200.014610374235,5914.630163811053
7000,13770.744123861263,6755.756807283908
12000,14620.17988310112,12103.40056148841
5600,12439.041925724865,5479.822963750765
9650,13057.332232002478,9340.65050246716
16000,14721.959979672974,16273.668082891354
7000,12710.138444631204,6444.038966161639
31825,16148.78376339054,31284.28368148789
25000,12819.528268049551,24307.47921487524
18000,14211.157065102085,18371.739777821196
10000,11773.190826656668,12146.207559989443
6000,12809.445379977946,5691.071870670679
4000,12106.116376190766,3964.9714027264363
13000,12767.211395979906,13074.963186528441
7000,11392.704484331984,7003.5937310257395
2400,11963.433997819011,2113.817997599597
28000,14626.838394091803,26435.533931118283
12000,13865.865709442434,13673.677781232704
8400,11630.50844828491,8228.630836689419
10000,14341.473637348288,10084.731116373596
4000,11820.751619447254,2917.300053544921
8000,13057.332232002478,7999.975994735985
4000,14008.357844643027,4154.367917707776
11100,15673.175835484686,12605.303460653993
20125,12629.285096887208,20512.06024375675
10000,13390.257781536577,9871.432797622308
22000,13390.257781536577,22033.315246580358
6000,11678.069241075496,6105.013909053025
25000,14085.977058477263,24633.796460352947
12000,12819.528268049551,12021.258998725994
10000,11202.46131316964,10107.954744780714
10850,12220.262278888173,10930.549103280731
2400,12439.041925724865,2553.798064859071
21000,13770.744123861263,21293.290028567804
12000,11487.826069913155,12052.614714642013
24000,17575.607547108106,23842.481828759628
4800,11963.433997819011,4763.580888892946
5000,11487.826069913155,4785.632121476743
8000,12201.237961771938,7704.476678078738
2500,10993.193824891065,2789.0702003001097
10200,12343.920340143695,9975.527501839524
9500,12191.725803213822,9422.172210203455
4250,16006.101385018785,3278.0688847392994
9000,11868.31241223784,8986.25118370438
7000,12248.798754562524,6791.627583063941
2500,11107.33972758847,2306.846009712159
8325,12629.285096887208,8209.925843794355
14000,12248.798754562524,14111.011060793606
10000,12906.184032513996,9818.83058808129
9000,12153.677168981352,8573.590822055863
30750,12916.171799000022,29285.66930121567
15275,12343.53985380137,16017.412380680287
1500,12819.528268049551,1021.0107808120829
23000,16148.78376339054,23490.038833820094
9600,12581.724304096622,9496.774695714521
13025,12693.492167154498,13088.224800282313
20000,13390.257781536577,21068.28468349968
2800,11609.581699457054,2466.2635576225584
2250,11154.900520379055,353.3696723270832
15000,11820.751619447254,15129.851262699964
9600,11820.751619447254,9634.202538960979
15000,14241.59597248806,15158.942795162262
7525,13295.136195955407,7284.782452669026
4000,11678.069241075496,4278.434158909928
31300,17099.99961920225,28649.842274794428
8500,12010.994790609595,8633.088209015401
6000,12391.481132934281,5988.943957286689
4950,12581.724304096622,3525.7417001439007
12000,16029.881781414077,12162.592459595462
10000,13104.893024793064,11546.727613594876
6600,12629.285096887208,6480.094806483205
22700,14801.909672353948,22356.781536356153
7400,11678.069241075496,6905.934040407978
15000,11559.167259099033,15782.179950097297
6000,12367.700736538987,5756.453653749739
4700,11963.433997819011,3798.722669502091
6000,12819.528268049551,5946.6587216680655
23200,13789.768440977496,24114.398905806134
10500,13532.940159908334,10484.769874831674
35000,17099.99961920225,34424.02925518598
12000,14008.54808781419,12007.714062601508
15600,13057.332232002478,16375.850758239581
12000,12259.595054525988,11965.369832936763
3975,11657.522978589965,3940.7706234825455
20000,12819.528268049551,20149.15833169163
18000,12439.041925724865,18283.571942401846
17500,13770.744123861263,17770.064627570464
35000,23496.02259447299,37593.37660301959
2000,12248.798754562524,1486.5840500436625
26800,15673.175835484686,27431.21154734635
35000,14959.763943625901,31621.203243785043
14000,13235.685204967174,15288.612747127228
15250,12819.528268049551,15444.305815566064
15700,11630.50844828491,15985.66626936315
12500,13342.696988745993,12489.454955285599
12800,13295.136195955407,12742.318517537622
6000,12225.018358167232,5857.455513322662
5000,11154.710277207892,5248.530777988482
5000,12343.920340143695,5325.690488396436
21600,12771.967475258965,21076.812425975622
35000,15673.175835484686,33730.99806578891
9800,11630.50844828491,9783.41551010481
10000,11906.361046470307,10060.301538909256
7000,13057.332232002478,6791.391542154073
6000,10605.097755719886,6173.450612037444
20000,20667.059078496168,19696.05147688915
6000,14484.156015720046,6267.676888572334
12000,12914.649853630723,12049.724486651661
3600,12724.40668246838,3494.396935709121
10000,13675.622538280091,10013.31041241831
8400,13532.940159908334,8322.000360288364
11000,11630.50844828491,10989.261183494424
13225,13580.50095269892,13139.81951447102
5600,12106.116376190766,5146.684203726714
5000,13532.940159908334,4696.779682351398
8000,11868.31241223784,7855.214424993272
23000,17813.411511061036,22807.826803292337
6250,12034.775187004889,5862.655472248471
17500,14817.081565254146,18026.916918576862
9500,12134.652851865118,9436.214998571917
4000,10821.974970844956,3623.7793056879073
20000,12568.217038944096,20289.040742757134
18000,12248.798754562524,18057.11813521338
7000,13390.257781536577,6749.9597285817
2875,11915.873205028425,3324.207125192437
6000,12248.798754562524,5836.727973449315
30000,18013.166840781494,28517.343705008017
18150,14484.156015720046,18819.856626456734
25000,14959.763943625901,23913.007044205828
3000,11987.214394214303,2742.181692160859
11725,13295.136195955407,11753.35034977675
8400,11842.153976203017,8005.20817514842
5000,13675.622538280091,5334.9623618010355
8400,11678.069241075496,8120.245804051547
35000,14484.156015720046,33453.103109211275
6075,11012.2181420073,5766.578930443684
2400,11678.069241075496,1186.6200572611751
5000,11906.361046470307,8532.775219283943
14000,13770.744123861263,14065.10677642924
25000,13770.744123861263,24076.063900238398
2000,12020.506949167713,1491.920458167153
4800,12938.430250026015,4835.687969082688
15000,12106.116376190766,15268.97796481478
7000,13532.940159908334,7110.537057619842
16000,12867.089060840135,15988.047653641739
18225,12819.528268049551,18398.400553117957
8000,12420.017608608632,7522.3678832401365
11350,11554.411179819974,11278.154457462299
12000,13342.696988745993,12085.312475084573
13200,15340.250285950586,14538.92970182236
16425,13009.771439211892,16936.57410892171
35000,14008.54808781419,38127.01770483322
12925,12819.528268049551,13777.739850883887
3000,12367.700736538987,2719.268249441244
20000,13532.940159908334,19318.42698901835
12000,13295.136195955407,11856.74122588489
10000,11630.50844828491,9765.609145662895
17000,12653.065493282502,17693.345930389245
26000,13246.291261759474,25067.8924210977
8000,12343.920340143695,8071.120279930568
6000,13171.478134699884,5557.072573932004
15000,11963.433997819011,15810.199905813692
9000,11766.342072494823,10803.299969691861
18500,13675.622538280091,18884.174467208817
6000,12201.237961771938,6090.00044624542
2500,14246.352051767117,1828.665184215406
3200,11887.336729354072,2994.6453228246046
12000,17099.99961920225,12087.929259289876
20000,13532.940159908334,20277.223514287492
14000,11868.31241223784,13938.051750987806
15000,11868.31241223784,15146.90579471279
2400,10750.633781659079,205.54732763137145
12000,12534.163511306037,11964.455353509775
10000,14293.912844557704,9739.548031915534
27000,13104.893024793064,24804.928091929876
17000,13532.940159908334,17417.20953315033
15000,12581.724304096622,15854.634716962295
22400,13390.257781536577,21246.575269104207
6000,12439.041925724865,5689.218898464338
21000,13770.934367032423,19924.02864480987
25450,12705.382365352145,26429.543272388422
23100,14341.473637348288,22497.031462380786
3000,14189.279100418415,2398.396269643372
2600,11630.50844828491,1366.6696502954646
10000,12914.649853630723,9971.441642429536
7875,11107.33972758847,7274.199648470176
13200,11963.433997819011,13080.192854772378
12075,12391.481132934281,12090.580273471964
13625,11868.31241223784,13704.778115857129
15000,12819.528268049551,15606.508532456248
10000,12248.798754562524,11972.006857616792
28000,13932.450819349253,25662.225220170738
21725,12037.39103060837,21445.962583814704
20000,23282.902681978376,20283.190209987108
7000,14959.763943625901,6892.695058545853
16500,13295.136195955407,16588.66006734621
35000,15102.446321997657,32559.703521853495
2400,12106.116376190766,2633.5378482245487
7275,13414.03817793187,7053.871216574333
8000,11345.143691541398,7988.075472911925
7000,14246.352051767117,6708.203981516885
20000,12819.528268049551,19742.506527059602
11200,14008.54808781419,11237.93616828865
9050,11678.069241075496,8954.240555347818
2400,11773.190826656668,1002.2033632350312
17000,14246.352051767117,16799.993165738408
7000,12581.724304096622,6950.019932701205
20000,13865.865709442434,20437.815649113072
12000,14246.352051767117,12049.660879463017
12000,12581.724304096622,13530.199218669188
9500,12960.593579466427,9425.10341699091
8000,13152.45381758365,7741.126016014974
20000,16481.70931292464,20543.81379712269
15000,13057.332232002478,15872.949178971981
21200,12534.163511306037,21416.834368867225
8500,12058.55558340018,8005.124023940021
10000,12819.528268049551,10041.132220738387
9750,11392.704484331984,9635.942674449963
2000,11633.552339023508,2108.9184727225474
10000,12439.041925724865,9966.545578963285
4500,13295.136195955407,4685.731092473454
9000,13057.332232002478,8979.352234105609
15000,15150.007114788245,15353.534794721369
12000,12676.845889677794,11899.837631499666
15000,12629.285096887208,14872.046421492725
12000,14056.108880604776,13594.097398046664
3500,11630.50844828491,3326.4196703235957
12000,12819.528268049551,13535.163657000829
15000,14246.352051767117,14704.337907588213
18900,13057.332232002478,19788.14374307586
35000,15197.567907578828,37195.684434823175
14000,12343.920340143695,13888.5981187606
10800,12201.237961771938,10745.569345715883
35000,14484.156015720046,33292.31989818782
10000,15435.371871531757,10086.32119788457
6800,11701.84963747079,5326.626848102442
12000,11725.630033866082,12090.276059063965
20000,12106.116376190766,19054.48135855059
15000,14959.763943625901,15378.583797930083
18850,12343.920340143695,19211.71978146815
8000,14151.230466185945,8011.755787114818
4000,12581.724304096622,3599.7486765782432
7000,13390.257781536577,6709.448809496222
16450,11582.947655494325,17312.026138282185
5000,11506.850387029388,5220.735563735234
8000,11725.630033866082,7793.356892279939
12000,14484.156015720046,11972.010779619637
6000,12343.920340143695,5896.293238422286
9000,13247.575403164821,9140.832996340327
35000,15634.175985396405,37294.781101385415
24000,14721.959979672974,24547.939670943953
28000,13960.987295023604,27639.367873036426
20375,14056.108880604776,20630.02899317629
35000,16481.70931292464,36908.00118367805
3800,12581.724304096622,4198.040154993834
6400,12106.116376190766,6369.42813107477
21250,15625.615042694099,19918.491649459793
14400,13295.136195955407,15565.43378570959
4000,11725.630033866082,3240.797593203104
16700,11868.31241223784,17225.6356966874
2000,11624.991396321204,2280.558433620972
7000,11630.50844828491,6365.129970606835
10000,12106.116376190766,9940.859187822907
11000,11290.543901417805,10960.058190538102
7000,11687.010670120128,10042.13662807167
5700,11820.751619447254,5338.319857402896
13475,12439.041925724865,14405.645585986362
20000,14710.069781475328,19516.658217267548
25000,14645.24442090176,24521.211426927846
12000,14721.959979672974,12033.577361734931
18800,12819.528268049551,19270.092764650013
8875,13057.332232002478,8833.81535459057
17000,13913.426502233018,17398.070667095293
10000,14246.352051767117,10057.287672692144
21000,14246.352051767117,20257.770897658134
12000,17099.99961920225,12038.485076286188
18000,12010.994790609595,17663.414794328055
4000,16072.686494925605,3735.337423312605
8000,12343.920340143695,7925.283154601237
8975,11250.022105960226,8790.361104237487
10200,12058.55558340018,10164.583629326693
8200,12343.920340143695,7925.114112404888
17100,13532.940159908334,17647.8444823959
25325,14035.182131776917,26663.89285430483
6600,13104.893024793064,6801.339833860995
16475,12914.649853630723,16960.929768736903
2750,12153.677168981352,807.6096024854842
35000,14912.203150835316,37482.9836188377
6000,11440.26527712257,5932.493531103493
11000,12581.724304096622,11021.692132808423
10000,13618.549586931389,10030.139199147447
13250,11868.31241223784,13254.758761006791
4000,11525.874704145623,3973.806984961444
35000,14719.581940033444,39040.97955408345
12000,12439.041925724865,12025.077091987694
20000,13295.136195955407,20617.383065942522
10000,12343.920340143695,9888.19150321196
9000,13770.744123861263,9037.856368817076
15000,12106.116376190766,15079.79340035383
3600,19002.431330825675,3391.534392882373
25000,15673.175835484686,25150.067580156043
12000,18526.82340291982,12138.454166765167
20000,16624.391691296398,20740.799535272396
13600,13865.865709442434,13558.062971289624
2400,11145.388361820938,1517.7656696766353
4075,12343.920340143695,3787.6462256273535
6500,15197.567907578828,6642.451337938282
9500,11250.022105960226,9213.096102571431
10000,12581.724304096622,10046.696364769474
19600,12343.920340143695,19730.632894488386
7000,12010.994790609595,6937.596559689977
18400,12201.237961771938,18607.242828256756
4000,11630.698691456073,3721.489327180918
25500,18526.82340291982,23657.9962139267
10000,13984.767691418896,9967.051194567479
15000,13009.771439211892,14926.998366514266
23750,16386.587727343467,24304.106816515472
14125,12106.116376190766,14162.465952897192
12000,11335.631532983281,13624.563619010112
14975,12343.920340143695,15267.794493753025
10500,13057.332232002478,10133.6712055314
7000,11400.314211178476,6690.452670918527
32000,14531.716808510631,28586.256501887663
25975,13057.332232002478,25425.09343699064
30000,13628.061745489505,28701.570561141772
11925,12933.674170746955,13491.16455378743
6000,12439.041925724865,5776.851599652513
7750,11773.190826656668,6961.450698120916
7000,11868.122169066677,6659.669122432611
5500,13532.940159908334,5437.7782147615635
5500,11796.971223051962,5773.805277509506
20000,15482.932664322343,20436.32389989731
20000,12439.041925724865,20329.422971553984
6625,13646.381687264511,6819.155575678535
24000,13295.136195955407,24632.358616131125
22050,13770.744123861263,21684.340932427767
19600,12345.822771855317,19769.812821482978
6000,11725.630033866082,5929.100223214124
16000,13057.332232002478,16360.191940612041
2200,11392.704484331984,1954.8506062664856
15525,13770.744123861263,15646.445997024375
12000,12201.237961771938,11993.241152951805
28000,13873.380314703347,30501.212868752293
25000,12978.238633591734,22520.960015200886
6000,14246.352051767117,5924.174285484842
30000,13865.865709442434,29062.27512779891
12000,12694.110457460776,11992.627121031159
7000,13223.795006769527,6139.41661496929
5950,12245.603620502852,5629.419289097392
17000,15197.567907578828,16792.867556738027
5600,11773.190826656668,4971.600240229638
3000,14959.763943625901,2875.5836037483023
8875,12248.798754562524,8688.09050738535
8000,11487.826069913155,7795.924358699047
10000,11392.704484331984,9972.438909038332
35000,15910.979799437613,37173.25035765853
20000,15197.567907578828,20150.850759666937
2700,11630.50844828491,2522.3830528252765
15000,12790.9917923752,15059.943825520766
5925,12343.920340143695,5685.469195535916
16000,13913.426502233018,15922.587490746411
10000,15292.68949316,10128.566185928097
32200,15482.932664322343,28854.588471050032
14000,20809.741456867927,14346.808621203438
20000,14008.54808781419,19715.25478322905
30000,14769.520772463558,28091.166470346972
3000,12534.163511306037,3409.0595741485304
20000,12819.528268049551,20736.208549061594
14175,11868.31241223784,15225.053320947989
13500,12106.116376190766,13634.292895972272
19200,13532.940159908334,18845.1871482251
15500,11630.50844828491,15967.154983629609
16950,13057.332232002478,17190.117025004918
10625,11454.533514959745,10560.708030122505
8500,14341.473637348288,8404.356207234585
12000,17480.485961526938,12084.875003043662
14600,12914.649853630723,15636.114974890059
2500,12716.796955621885,1033.2417349127081
8000,13295.136195955407,7968.860121630618
15000,11963.433997819011,15166.14420027998
20000,15150.007114788245,19273.567664136957
8000,13247.575403164821,8063.931211319292
8000,11963.433997819011,7816.562194816564
5000,21856.07889826081,5319.05854461403
3600,11345.143691541398,3483.621845625339
11200,13200.014610374235,11206.978062998793
15000,12106.116376190766,15125.067780191277
25000,13437.818574327162,23314.55643357463
4500,11820.751619447254,4510.67788137065
12000,13532.940159908334,12000.675238981248
20000,14346.229716627347,20493.963944880343
4000,11154.900520379055,4409.133281236049
20000,13402.908952418873,19498.322678348348
10000,13770.744123861263,10081.046263391845
4500,11868.31241223784,4781.272643249991
5000,14175.010862581239,4596.362885392704
20000,14626.838394091803,19682.871202310416
15000,12819.528268049551,15103.020422485884
15850,13770.744123861263,16030.235735674474
6000,12106.116376190766,5728.8401589575005
20000,13437.818574327162,19958.41954939343
30000,14626.838394091803,28917.874734084697
14000,13532.940159908334,13955.953025916568
22800,13770.744123861263,22095.111610098174
35000,14721.959979672974,30228.45438976252
10000,11963.433997819011,9919.73901262551
11200,12672.089810398735,11236.826766765853
31050,13247.575403164821,32821.24044314659
9000,11392.704484331984,8408.362611235476
18000,13057.332232002478,18489.332684067333
18000,14484.156015720046,17551.22996569267
6000,12296.35954735311,5652.115683011913
15000,14484.156015720046,15249.962583614588
6000,12201.237961771938,6017.822100030498
3200,12819.528268049551,3132.9771051903153
8000,14008.54808781419,8099.30946415936
10000,12106.116376190766,9988.972400189004
10000,12486.602718515453,10061.79697013257
20675,12416.926157077243,21109.114072683544
16000,15578.054249903515,16146.651817892542
13000,15910.979799437613,12848.125598644574
10000,12819.528268049551,10067.586223301105
15000,13295.136195955407,15579.423583452326
35000,13770.744123861263,34481.5105625123
4375,10726.853385263785,3310.9729095376024
12000,14710.069781475328,12110.18096676635
4000,12241.379270887192,2311.0209930821893
10000,11963.433997819011,9981.26019505278
5150,14024.909000534151,5455.074056882955
10000,11725.630033866082,9811.08601238068
5000,15197.567907578828,4023.635306601089
6000,14484.156015720046,6011.366100191366
6000,12629.285096887208,6312.554554682181
4800,12296.35954735311,4197.404518398998
20000,12106.116376190766,20470.82529397528
10000,12914.649853630723,10006.624127856257
20000,12343.920340143695,19347.246039829704
12000,12343.920340143695,11906.522551068307
30000,15673.175835484686,29077.270772204283
12000,11868.122169066677,13501.632530563706
12750,12439.041925724865,12534.291238751654
4625,14198.791258976533,3712.9424539268457
3200,12134.652851865118,2768.51252840123
15400,14320.546888520432,15242.14817441393
4800,12106.116376190766,3808.2132186106046
6000,12010.994790609595,4904.751339796254
4000,12439.041925724865,3720.727412729586
18000,11868.31241223784,17713.06901513048
19000,15197.567907578828,18311.345052700242
16000,14198.791258976533,15897.037826854665
4500,12420.017608608632,7756.703626038732
18000,13057.332232002478,18150.450566281877
13000,12106.116376190766,13048.993236111286
10000,12058.55558340018,9943.532493532026
10000,11487.826069913155,9923.182645054478
5000,12534.163511306037,5077.733517588453
19125,11868.31241223784,19893.071405697374
4000,14721.959979672974,4266.046647850264
26000,13342.696988745993,25704.45900816389
19000,14008.54808781419,18316.56266484368
7600,11250.022105960226,7407.7932056924055
16000,14912.203150835316,16023.339635494985
5000,12819.528268049551,5261.255809059654
15000,13295.136195955407,15804.10341825765
13200,13295.136195955407,14542.122731703623
21825,14721.959979672974,21539.59673744358
10000,11154.900520379055,9889.419139884101
17275,13580.50095269892,17929.79845277695
21575,12581.724304096622,21857.299345638203
7000,12889.157268694968,6733.743651917492
10000,11678.069241075496,9982.11490747985
20000,15197.567907578828,18657.840685089315
20000,15673.175835484686,19756.44198554344
8000,12876.601219398253,8147.608127169009
8500,13913.426502233018,8373.531779280796
20000,14389.034430138874,20739.50257893931
7000,14389.034430138874,6736.711086597241
20000,13913.426502233018,20345.811327504787
8875,11392.704484331984,8759.39663760633
16000,14484.156015720046,16950.0442632446
20000,13295.136195955407,20455.161509624442
35000,19240.235294778602,32290.46158295276
21600,12537.017158873472,23068.627703157777
10950,12343.920340143695,10991.922870418983
15000,12106.116376190766,15370.891836698547
10000,11963.433997819011,10020.57392620918
14000,13913.426502233018,15124.823362933583
1000,13035.834753661133,456.20413735999773
35000,14008.54808781419,32427.283818553762
3700,10798.042379912733,3308.1293807960756
7000,12450.928319059089,7017.334254776131
22400,13295.136195955407,22801.82411170067
26375,13675.622538280091,24140.93371528173
24000,13152.45381758365,25049.09616664854
14400,13009.771439211892,15444.796504562035
12000,12343.920340143695,11929.352094837608
19075,12819.528268049551,19441.14384931251
21000,12867.089060840135,21354.34236183249
20000,13723.183331070677,20444.09082722787
5000,11392.704484331984,4844.074231213806
10000,19858.33535788505,12251.522608139598
7500,11915.873205028425,7758.499815362293
20000,15910.979799437613,20452.814861832085
12000,17956.093889432792,13716.761307511852
10475,10964.657349216714,9748.652334961063
20000,14246.352051767117,20229.758859897498
6775,11830.26377800537,6641.211255415294
10000,11749.410430261374,9865.96600935389
24450,17099.99961920225,25239.45663603163
3350,12629.285096887208,3730.3276423189
11175,12106.116376190766,12942.05298905547
23500,12272.579150957816,23798.67879513675
6300,16624.391691296398,6281.920434632382
15925,12819.528268049551,16617.91833874953
6450,12248.798754562524,5899.397301368343
10000,13770.744123861263,10106.906114042335
8500,15673.175835484686,8781.966421104838
15000,16243.905348971712,14874.03639715104
12275,12248.798754562524,12436.692640892974
2400,11047.983858185818,2417.133900695895
24000,19478.03925873153,22983.26512983554
23000,14008.54808781419,22618.721908258456
30750,15910.979799437613,30470.102127204445
35000,14959.763943625901,33576.504941708125
13000,12581.724304096622,14129.383531228259
20000,14008.54808781419,19871.94904865756
30000,13770.744123861263,27601.29470130121
4800,13532.940159908334,4483.426289251753
7000,11392.704484331984,6100.3039338077215
13000,12676.845889677794,14293.567548653804
8475,12106.116376190766,8205.255644143572
9175,12343.920340143695,9129.652109559911
11450,12629.285096887208,11470.31249702411
10000,12581.724304096622,9937.741026112524
20000,17528.046754317522,19543.7885119153
6200,12343.920340143695,5734.327567280334
32000,13780.25628241938,35600.47900767029
9000,11107.33972758847,8887.501920623588
5225,14436.59522292946,4441.093861077114
6000,12581.724304096622,5345.452805263074
3000,16624.391691296398,1741.3160059972943
5500,11535.386862703741,4925.386953036403
8500,14246.352051767117,8364.920274206552
14000,15673.175835484686,14219.98943788172
5575,14616.422580470664,6173.4731326797755
18000,15197.567907578828,18150.09078512751
4400,10536.610214101443,3409.1336779116864
6000,14246.352051767117,5825.361715126684
30000,15910.979799437613,32197.29316465275
24000,13152.45381758365,23907.588353132007
3000,13532.940159908334,3069.907486622058
4075,12296.35954735311,3591.3162644242257
28000,15673.175835484686,27535.10552707959
16950,21856.07889826081,17506.77954681823
20000,15673.175835484686,20559.480194001982
5000,10964.657349216714,4041.7790560860685
10000,11582.947655494325,9933.077640351165
8000,11958.012067440883,8232.621547334707
12800,12724.40668246838,12873.451189571266
5000,10479.53726275274,5176.920420586959
10000,12581.724304096622,9926.981321954356
8000,14721.959979672974,7798.833502642594
9600,12248.798754562524,9643.63513965639
10000,13770.744123861263,9945.89397321185
5000,12581.724304096622,5301.764768552195
15325,14056.108880604776,15248.890345592901
11000,12676.845889677794,12911.29834868687
3000,12439.041925724865,2852.448110730915
6000,14721.959979672974,6058.264235070725
27000,17575.607547108106,26069.449024306094
24075,12914.649853630723,22797.71076576496
3000,12819.528268049551,3419.9991564854354
2000,13532.940159908334,1421.368875486356
4000,11889.809890579183,3856.0718316119837
30000,16148.78376339054,32135.941147030506
25000,14103.669673395361,23881.379908030263
9600,13532.940159908334,9772.24134444471
6400,11963.433997819011,9312.814956295535
8500,11193.42476253943,8348.947175492012
8000,11868.31241223784,7898.499219528159
12000,12153.677168981352,13408.702095266251
11325,12459.679980540484,11323.915364239578
8400,13532.940159908334,8476.422950938755
4000,14484.156015720046,3601.416817382311
5125,15910.979799437613,5531.116083065108
8000,11763.678668098551,7601.517363691017
12500,14103.669673395361,13951.985904881816
5450,12486.602718515453,5350.494425600884
7500,12486.602718515453,7122.474594408601
15000,15673.175835484686,14964.44885932312
8200,11154.900520379055,8224.771525691895
22400,14151.230466185945,20656.380699687637
30000,14484.156015720046,26594.645493899247
10000,11154.900520379055,9875.931716255373
15000,18146.337060595135,15524.484801087745
13825,12581.724304096622,14973.765161562982
7375,11868.31241223784,7039.574264003721
8000,12343.920340143695,7994.5543408005215
14500,11364.700689536887,14724.758446539689
8225,11059.778934797885,6875.862089990063
11700,12106.116376190766,11634.075637082171
15000,13057.332232002478,15805.03731839551
6000,11250.022105960226,6093.2425145329635
6000,14341.473637348288,5332.473507364524
8875,11725.630033866082,8658.667421085467
4600,13057.332232002478,4908.3972119463015
10575,13053.378978905725,10527.219425188383
20000,13675.622538280091,19508.460970805514
7000,11678.069241075496,6731.4661108409
12000,11392.704484331984,11918.668006502992
24000,14246.352051767117,22156.304641257557
2000,13057.332232002478,2351.839416199422
9850,14959.763943625901,9902.662991227508
15000,13057.332232002478,15287.216213122685
4500,10831.677372574235,4167.880792417869
8000,12486.602718515453,7812.408532284266
10000,14103.669673395361,9938.771589114154
8000,14721.76973650181,8149.722988958918
15000,14817.081565254146,14999.732994795422
2950,11487.826069913155,2445.8723394052286
25000,14389.034430138874,24610.212655565338
10600,12810.016109491433,10666.389046336792
5375,13532.940159908334,5067.939346761212
10000,14008.54808781419,10012.870830210692
35000,14603.05799769651,34748.91871257717
19200,13057.332232002478,19078.445369321475
5500,12298.922598476594,5711.3929849327305
11000,12248.798754562524,11034.47064520151
10000,11392.704484331984,11899.358868961486
16650,12505.627035631685,16464.480511453272
10000,13723.183331070677,12259.946612938495
2000,11868.31241223784,1446.5341392192167
20000,12962.210646421307,19500.332833269
8575,13913.426502233018,8436.497963867845
20000,12201.237961771938,19726.592576083858
4000,11449.777435680686,3550.323930444427
14000,12343.920340143695,13659.384605333233
5600,19598.843672419618,5516.2608849873195
19000,13723.183331070677,19316.60228990831
10200,12343.920340143695,10120.285857333804
10200,11868.31241223784,9969.571556248533
10000,11678.069241075496,9292.90818039862
12000,13770.744123861263,12006.484442899733
10000,12534.163511306037,9965.615658503137
1000,14008.54808781419,1067.2801842085219
6000,11012.2181420073,5655.1609500849445
12000,14484.156015720046,11956.061403332866
6400,11535.386862703741,6204.16303006624
10750,11773.190826656668,10659.863976209903
25000,15346.670992977315,25122.092177615632
18000,12248.798754562524,17936.049011628704
10000,14031.852876281577,9958.253182845574
9600,12391.481132934281,9685.824196949603
7500,12819.528268049551,7315.126749405934
21600,13532.940159908334,21129.377100386802
20000,17813.411511061036,20238.162245654894
7325,11915.873205028425,6858.617909643099
19200,13390.257781536577,19288.866323660994
10000,16196.344556181126,9995.586291606063
22000,13770.744123861263,21514.09052467828
13275,14222.571655371825,13610.772538183634
15000,12481.846639236393,15003.97390610767
13600,12629.285096887208,13917.726369114296
3000,12576.968224817563,2986.0491717408913
10000,13532.940159908334,12261.584527114204
10000,12748.187078863672,10052.895058820692
12950,11678.639970588983,12979.708342594115
2400,11809.770783607762,2577.571227653272
10000,14959.763943625901,10035.671063627904
11000,11773.190826656668,11005.074123562072
28000,14293.912844557704,25756.223526944108
10000,11392.704484331984,9893.90508859365
7350,11868.31241223784,7417.75816986117
13200,13200.014610374235,13154.250056500701
15200,13057.332232002478,15643.65716288726
8325,14246.352051767117,8253.791765130609
1625,11202.46131316964,1196.43866688876
11700,11573.435496936208,11775.802641837274
5000,11392.704484331984,4116.480508531649
12000,12588.85842301521,12047.297351206607
10000,12106.116376190766,12163.09399630785
6000,12292.792487893816,5775.497993764442
10000,14008.54808781419,10009.095325092623
29175,13057.332232002478,28551.721771745993
5250,11939.653601423717,4951.420480020799
4000,10964.657349216714,3859.641416304814
10000,12486.792961686613,9957.12691875316
12000,12785.284497240329,11982.426680118091
27000,14103.669673395361,24713.559968705064
24000,14008.54808781419,22275.21202222143
8000,13865.865709442434,7522.631308747208
24000,12581.724304096622,23649.199329659263
20000,13580.50095269892,20255.49562440697
8000,11392.704484331984,7681.915331554399
5000,12962.210646421307,4981.295382662993
13200,12724.40668246838,13225.151528591125
18000,13461.598970722456,18618.494461207454
8000,14008.54808781419,8176.372768708003
8500,12248.798754562524,8561.347768505766
11500,12581.724304096622,11478.712327729378
12375,12534.163511306037,12372.437050049013
2500,12819.528268049551,2526.272523286594
9600,11548.703884685105,9468.69923189
1500,15197.567907578828,36.693154288185724
16000,13057.332232002478,16181.062553645172
1700,14721.959979672974,833.643839616604
6825,10774.41417805437,5817.469620844431
20000,13390.257781536577,19382.878429440025
12000,14008.54808781419,12001.147867002945
16600,13769.222178491964,17146.726329665304
20000,13675.622538280091,19719.387724868604
18000,12819.528268049551,18322.325469633433
4450,11345.143691541398,3712.356561930479
9250,11487.826069913155,8911.862689899552
16050,13498.839071477483,16626.566282955362
16000,13532.940159908334,16630.772094944223
20000,13390.257781536577,21065.903380572578
19675,12724.40668246838,20207.584326577133
9600,11107.33972758847,9500.45184185633
5000,14484.156015720046,4574.620286704561
15000,14721.959979672974,14981.81524900345
5600,15054.885529207073,9092.66924152629
4800,11392.704484331984,3866.1040423556005
14500,12486.602718515453,15285.100996838812
9600,11649.532765401145,9555.534740178227
4000,13580.50095269892,4108.329177684631
12000,12439.041925724865,13487.38028423675
8000,12771.967475258965,7870.954053924939
10000,11928.143889568395,9966.827825456441
10000,12439.041925724865,10045.926869086235
6000,14341.473637348288,5908.133438183288
35000,19772.916174033162,36234.21437718736
16000,12819.528268049551,16225.207640128463
1600,12629.285096887208,1360.805904224515
7600,11630.50844828491,7514.6383345583
7000,12343.920340143695,6975.2506061473505
18225,11915.873205028425,18612.36579139562
21850,12343.920340143695,21195.421899069486
20000,14840.861961649436,19025.695401025143
7000,12106.116376190766,6717.297299834841
1400,13295.136195955407,1036.0323620672316
6000,13770.744123861263,5952.343682573779
7575,11392.704484331984,7093.9897470843425
16625,16624.391691296398,16905.29777229925
24000,14674.399186882387,24516.857509550326
24000,13057.332232002478,22765.211744798995
9750,11630.50844828491,9597.410258168791
10000,12106.116376190766,9963.009752490381
10575,13509.159763513042,10587.825238250103
8000,12819.528268049551,7772.255343134453
6700,11868.31241223784,6032.573239167601
18000,13532.940159908334,17825.59214006494
4200,11392.704484331984,4056.0725616194213
3000,11392.704484331984,2740.432111463173
12600,11630.50844828491,14058.109342875769
10000,13200.014610374235,9978.23108624044
11200,11297.582898750812,11156.047737785238
12000,16101.222970599956,12019.086023124584
20000,14890.800794079552,20183.124243555765
22750,13057.332232002478,20619.136624928542
15250,17099.99961920225,15288.311418012121
4800,11773.190826656668,5155.542442093374
5000,11624.394032763754,3897.452825118893
14400,14817.081565254146,14651.364858753504
28425,13532.940159908334,27588.914572432688
28000,12962.210646421307,24199.28870657253
9450,14056.108880604776,9411.035899378374
20000,12819.528268049551,19710.978186773602
7000,11630.50844828491,6824.152236658867
8000,13295.136195955407,8125.035710942395
18000,14293.912844557704,18228.654689559575
20000,13770.744123861263,19201.84943403326
12000,12248.798754562524,11965.537653411235
5000,14246.352051767117,4577.417587448801
21275,12819.528268049551,20737.88822794085
7200,13960.987295023604,7104.420361189525
3000,12776.723554538024,2111.8247466160337
20025,14626.838394091803,19803.26255497784
6000,16006.101385018785,5777.208926301579
18000,12629.285096887208,17648.5359405978
6000,12560.226825755279,6294.260763398883
12700,12819.214366817134,14204.584407607921
20000,14246.352051767117,18631.22132127374
10000,16624.391691296398,10023.49965618758
2500,11367.211899396229,1757.412241049451
7000,12629.285096887208,6737.762905914227
11200,11392.704484331984,11064.458784730674
21000,13390.257781536577,20065.90807549461
5000,12343.920340143695,4404.895077082523
12000,11692.05211415593,13760.85381975592
35000,15799.211936379736,31711.23388637616
19875,13057.332232002478,20993.02995902236
5000,11392.704484331984,4845.88687553725
15025,13751.795904013492,15782.439878086543
11000,13770.744123861263,10952.25618912294
11500,12296.35954735311,13290.63724219419
4800,11059.778934797885,3623.1937554587876
28000,17099.99961920225,27310.214665508727
10000,15007.324736416487,10099.545937535548
10000,12387.257734534476,9965.405749654647
25000,17099.99961920225,24374.15333028431
1000,11297.39265557965,364.18832202448993
2100,10536.610214101443,2232.6755500401723
22000,16148.78376339054,22681.083085290906
20000,19478.03925873153,21087.76121665188
10000,11154.900520379055,9894.871775037927
12025,12391.481132934281,12141.474458906368
8200,12343.920340143695,7894.489268113313
3500,10536.610214101443,3771.6934206067926
4400,12343.920340143695,4160.245804055454
24000,12914.649853630723,23583.11080872723
23750,14626.838394091803,23511.338431207485
3000,11820.751619447254,2227.536659071693
7000,12819.528268049551,6981.900438023129
5000,14389.034430138874,4072.713389115559
4000,11392.704484331984,3680.9907120462503
4500,12343.920340143695,3968.4104654963558
14500,17099.99961920225,14654.397836705239
3500,12106.116376190766,3979.026034020837
16425,11936.495564782423,17100.36712523945
8000,12010.994790609595,7896.389008319142
12000,16862.195655249325,12155.657197633062
6000,11868.31241223784,5825.178199330108
16000,12724.40668246838,16119.289665728758
6000,13057.332232002478,5985.170747922821
20000,12344.110583314858,20146.397514816817
9500,13770.934367032423,9628.465766848478
8000,11735.142192424199,7761.925661505364
20325,14341.473637348288,20199.48043137631
8500,11739.898271703258,8031.1806717282925
8275,12938.430250026015,8466.497253959262
10375,12106.116376190766,10210.497547355671
10000,12248.798754562524,10035.660172341954
4000,19382.91767315036,4398.312136436649
2000,13021.66163740954,2079.0045609270583
18000,14246.352051767117,18272.73411658711
20125,17813.411511061036,19827.641167759757
12000,12343.920340143695,12128.286735761003
22050,12819.528268049551,21673.93781691223
8000,12439.041925724865,7928.401646463517
16000,13960.987295023604,16510.938648370116
31300,13532.940159908334,32295.020448120318
20000,12259.975540868312,20216.92710077663
3500,10489.049421310858,3054.823571479921
10000,15910.979799437613,9996.471538167962
10000,12343.920340143695,10034.84114688009
7425,13057.332232002478,7484.804239777943
14400,12724.40668246838,14590.727853936101
7125,11392.704484331984,6823.0176086319625
8800,11868.31241223784,8720.112399192958
4000,12962.210646421307,3795.0428439077514
4800,12629.285096887208,3773.3480112708294
9250,11244.314810825355,9143.639766802882
10250,11487.826069913155,10163.779606423237
35000,16566.605328055834,31419.71891801546
8000,13295.136195955407,7870.359876037353
19200,14674.399186882387,18825.850764645285
3000,14959.763943625901,3478.719340760048
12000,12343.920340143695,13620.040992473396
12000,13057.332232002478,12036.175032331876
15000,12343.920340143695,15709.566718215521
14000,12581.724304096622,14264.37195511082
22000,15910.979799437613,21834.115045974788
8200,13532.940159908334,8040.173046986487
6500,12534.163511306037,9664.148234894388
1000,11154.900520379055,1373.1424714178047
10750,14721.959979672974,10832.533522040865
3600,12819.528268049551,3662.955843796859
11675,12439.041925724865,11756.001091507444
9000,15054.885529207073,8999.10606956422
4000,14008.54808781419,4369.827239728216
7000,15910.979799437613,6841.28878013903
15000,12819.528268049551,15445.372146186697
12000,13894.402185116785,11993.543315471785
1400,11487.826069913155,6973.205988347108
20000,21856.07889826081,20312.312370317763
13000,15673.175835484686,13118.952729167495
3000,13770.744123861263,1663.368165922935
6550,14008.54808781419,6703.165256037693
16000,13532.940159908334,15989.069273366256
24650,13356.774983412004,25152.28772203913
8500,13527.232864773465,8672.31989635591
30000,15625.615042694099,29708.50426739095
8000,11868.31241223784,7971.424133127573
16000,13104.893024793064,15871.866172991346
18000,12343.920340143695,17777.997460563623
10000,13390.257781536577,9710.75336059485
5500,12106.116376190766,5427.796454865482
18000,17099.99961920225,17976.380786823596
5325,14246.352051767117,5289.080689470929
16800,14864.64235804473,16991.649667896083
7000,15863.419006647027,6910.641468972231
29975,13723.183331070677,28561.01885180456
14975,12010.994790609595,15114.04357421529
5000,11250.022105960226,4619.552801209571
20000,13104.893024793064,19095.320511081132
35000,14845.618040928497,30632.554057922243
7550,12225.018358167232,7408.868062438089
7000,13770.744123861263,7247.050053661831
10000,12106.116376190766,10069.44788124284
6000,11868.31241223784,5545.989893959151
8000,14912.203150835316,8228.813761874118
8975,14341.473637348288,8962.523953145323
10000,11868.31241223784,10154.526210636695
35000,14198.791258976533,30200.65625066618
18000,14579.277601301217,17596.953566167394
12000,12819.528268049551,11954.257174288303
5000,13770.744123861263,4737.983891943724
12000,13509.112202720251,12110.763463041525
3500,15625.615042694099,3951.323373076202
2000,11971.994940521316,1637.5791667454268
35000,21380.470970354952,35053.35527632653
10000,11868.31241223784,9911.315548927441
5000,11335.631532983281,4848.759194045118
3500,12741.052959945084,2884.075320379552
20000,15435.371871531757,19578.731067028362
25000,15910.979799437613,25937.55529954488
10000,13770.744123861263,9899.686920565198
18000,11868.31241223784,18439.56895067141
18000,13390.257781536577,18853.884708321188
20000,13057.332232002478,19678.85553744388
2500,12819.528268049551,2468.6407449015624
25200,13295.136195955407,25329.379776929243
6500,11449.777435680686,6636.700409161953
15000,14056.108880604776,14966.693559642064
13225,11773.190826656668,14292.446553384152
5000,12819.528268049551,5024.254367213402
24725,12522.748921036296,23138.67873854351
20000,13675.622538280091,19834.744173034494
2100,12962.210646421307,1207.6838479676499
22000,12343.920340143695,21340.34142040929
15000,15530.493457112927,14908.148397750816
10000,11693.288694768484,12048.147436874964
9600,13009.771439211892,9643.920696271083
10000,19478.03925873153,9951.718847007241
10000,14198.791258976533,10133.148722717813
24000,13770.744123861263,24044.426013530683
6000,16243.905348971712,6011.040660948494
12000,11616.240210447735,11897.918233942399
11050,14531.716808510631,12825.335191384356
13575,12962.210646421307,13766.897583130349
20000,14132.206149069712,20401.7870967716
15000,13770.744123861263,15101.828960478366
4000,13152.45381758365,1889.9914758356554
16000,13414.03817793187,16371.106348949312
4800,11868.31241223784,3653.872791240621
17950,13057.332232002478,18252.195099455043
19650,16957.317240830496,19706.540663185362
24375,12581.724304096622,24108.052683511414
12500,12087.092059074534,12558.937136542098
10000,13200.014610374235,9992.577253991187
15000,11647.630333689522,15706.684901160375
16000,13104.893024793064,16157.58585473533
5500,11963.433997819011,5112.904837571188
14000,15078.665925602365,14168.289782981394
12000,12581.724304096622,12017.201071444424
22000,13889.646105837726,21657.290055703146
13700,12581.724304096622,13842.015837422068
1000,11012.2181420073,462.05914765482703
6375,11487.826069913155,6142.312292653925
8000,12439.041925724865,7959.591810336069
18300,13295.136195955407,18001.310333250745
5600,12343.920340143695,5894.269428934438
7000,12629.285096887208,6279.658586808562
12000,12914.649853630723,11992.935701023935
7200,13770.744123861263,7393.247703429435
3000,12653.065493282502,2047.0868854304408
30000,14246.352051767117,30696.5306028914
21850,12343.920340143695,21054.662853718954
11450,11868.31241223784,11318.334578291588
4000,13532.940159908334,2838.9840357575868
12000,12629.285096887208,12136.691334899364
7500,11820.751619447254,7483.436952352855
15000,11820.751619447254,15785.278162485958
2100,14484.156015720046,1780.4578540912698
24000,15197.567907578828,22929.852272504322
12500,14389.034430138874,12682.197819915602
4000,10536.610214101443,4010.19275697625
4000,13414.03817793187,4051.3805959373367
21000,18051.215475013963,20565.90283848846
10000,13437.818574327162,10057.816313748017
19375,12343.920340143695,19209.012892156345
9000,11326.119374425163,8939.433467023464
11200,13104.893024793064,11187.35983996231
6500,11915.873205028425,6680.73965748045
11000,12093.37008372289,10968.962609538883
15000,12724.40668246838,16045.261982447513
6000,12343.920340143695,6085.72969412836
5425,11868.31241223784,5582.829497999432
18000,12629.285096887208,18801.212649370937
5600,12201.237961771938,5824.504999583063
21000,15150.007114788245,21134.18245413794
15000,14103.669673395361,15206.1810591429
4000,14817.081565254146,4061.5157859169194
10000,11487.826069913155,11707.02142467561
9600,12343.920340143695,9642.49629852643
4000,12343.920340143695,4341.316659698494
6000,13598.273469748905,9123.580846608153
18000,12653.065493282502,18473.969358934213
25450,13295.136195955407,24487.309674752665
5000,12343.920340143695,4462.281602623101
10000,12379.590934736634,10030.304551306674
12000,11963.433997819011,11953.773602846535
4000,10774.41417805437,2959.65498425061
9000,12058.55558340018,8756.609800703964
8500,12343.920340143695,8187.054858943833
10000,14246.352051767117,10054.73541116515
2800,12030.01910772583,2586.73768246876
3500,12438.851682553704,3613.785362385126
8075,11250.022105960226,6805.5986627787315
10000,12914.649853630723,10039.110877124198
20000,15435.371871531757,20602.7388149091
5000,11725.630033866082,4462.917671618181
17525,11868.31241223784,17898.261444989177
12150,12343.920340143695,11927.186435816931
30000,12819.528268049551,32679.168340252007
10000,16667.196404807924,9983.796603963658
15000,12343.920340143695,15874.737286337348
14850,11535.386862703741,15048.378576900936
28000,18289.01943896689,25613.775613776837
8000,12581.724304096622,7794.576372601698
7000,12735.82127273812,7014.279291005561
7100,10679.292592473199,7026.617365594093
17875,11868.31241223784,18064.418131757768
6000,14817.081565254146,5877.713277332434
9450,12320.139943748401,9107.206672242353
12575,11630.50844828491,13912.848107172724
10000,12914.649853630723,11774.37865397252
29175,13057.332232002478,30571.10787669116
4000,11868.31241223784,4273.147211270309
9600,11868.31241223784,9226.422245270587
29950,14008.54808781419,26997.930173349814
8900,12964.588686060837,8822.507950902942
22800,13532.940159908334,23323.15243097426
21000,13960.987295023604,21233.354074479226
7800,12914.649853630723,7777.414525453676
8000,11202.46131316964,7952.358929716227
15750,14246.352051767117,16231.669028388498
7200,11868.31241223784,6670.424137303255
28000,16624.391691296398,28740.79989530745
7200,11392.704484331984,6588.590683837543
1200,12385.631155421039,-190.23551626559856
35000,20667.059078496168,37929.64574477679
7200,13200.014610374235,6984.424442042051
11000,12867.089060840135,10995.292775864918
10000,14945.400584203144,9845.526771721497
16000,24234.118537790087,16338.49848736737
6000,11915.873205028425,6247.55358451453
7800,11392.704484331984,10456.75041852001
13600,13532.940159908334,13569.602456675164
20000,12106.116376190766,20510.653000090977
10000,13532.940159908334,10010.618517575129
32000,18051.215475013963,32118.224357503066
17000,12819.528268049551,17275.475856088226
19075,13200.014610374235,19610.00712520614
15000,12819.528268049551,14974.683096071933
15000,11820.751619447254,15144.443069056653
4600,11773.190826656668,4215.3389946769
9000,13200.014610374235,8920.628230103473
11625,12010.994790609595,13298.84347372813
15000,13149.647730809005,16003.123851900766
15000,12819.528268049551,15729.385943882337
10000,13247.575403164821,10040.774372554251
16000,13390.257781536577,15931.041870853298
15000,13770.744123861263,15172.628600507525
4000,11630.50844828491,4260.4919122034225
4800,17813.411511061036,4400.698835017596
6000,14198.791258976533,6319.491618598375
19000,14603.05799769651,18979.548604127544
3800,12819.528268049551,4276.219526075933
6250,13295.136195955407,5740.869387737577
35000,16957.317240830496,34233.280196581356
13750,11678.069241075496,13719.506407002953
21100,12819.528268049551,21760.79353174656
24000,12914.649853630723,24078.129765622674
10800,12343.920340143695,10773.408727171101
9600,13485.379367117748,9404.174777608721
9700,11392.704484331984,9481.809934546658
9000,13532.940159908334,9029.779974385254
8500,12201.237961771938,8382.68749746541
11500,12106.116376190766,11591.015695244057
20000,13437.818574327162,20136.62468530368
6000,12724.40668246838,5779.314227873749
10875,14912.203150835316,12700.140737032432
21000,19049.992123616263,20289.95043367728
17475,11868.31241223784,17811.962222603266
10625,12819.528268049551,11665.383323919124
18400,13780.25628241938,18621.36909578819
14000,15673.175835484686,14331.59352845351
2700,11725.630033866082,7487.192953678712
35000,15673.175835484686,31211.651264799613
23800,13458.74532315502,21552.58341530116
20000,14008.54808781419,19678.396569774828
13000,12248.798754562524,13045.270042526461
35000,14721.959979672974,30855.409666279033
16000,14721.959979672974,15848.372926092734
9600,14721.959979672974,9554.763952065638
22000,13390.257781536577,20524.14302358133
35000,14246.352051767117,30980.4914372564
16800,13770.744123861263,17289.49732391046
8000,12153.677168981352,8123.329423024898
11325,11535.386862703741,11349.33207413666
13400,12258.31091312064,13338.144314700969
5000,13770.744123861263,5047.017347986213
8000,40785.274428913865,8228.965999818878
10500,12439.041925724865,10610.033981901606
4000,11820.751619447254,3890.4108387039923
15000,14959.763943625901,15158.601616845854
30000,15673.175835484686,33547.201367392685
15250,12629.285096887208,15448.919880639334
8325,11647.630333689522,8083.299801073748
13600,13818.304916651847,13907.25959487208
16000,13870.621788721492,16885.481004256304
33025,13247.575403164821,29993.886592689538
12000,13960.987295023604,13464.4271546412
29700,12819.528268049551,30847.467243790175
7200,11810.478488204488,6889.370878292659
18000,11868.31241223784,18051.96955409911
32000,14959.763943625901,30548.53298870138
11450,11868.31241223784,12955.893354976944
17500,12581.724304096622,17404.990194532154
33950,14721.959979672974,37595.48664337754
12000,13770.744123861263,11998.945630156903
25150,13532.940159908334,25008.579156704385
8500,12819.528268049551,10514.199423763572
35000,14721.959979672974,33282.9465039039
10000,13009.771439211892,9973.130863481043
26500,13663.39941453291,25395.601217170777
14000,13675.622538280091,14237.511956640157
9000,11868.31241223784,9037.170936277926
30000,13390.257781536577,31091.136502028887
20000,12676.845889677794,19847.061465424697
3000,10821.974970844956,1744.5751321799744
20000,11963.433997819011,20401.701657450583
7975,11773.190826656668,7962.18261464474
15000,12343.920340143695,15973.978827283145
21000,14056.108880604776,21901.019622174827
7200,14959.763943625901,7319.632144038587
29975,14484.156015720046,29117.40453342048
2000,11487.826069913155,334.764062893114
8000,13414.03817793187,8023.832047296952
9000,13295.136195955407,8989.306404437102
6000,13152.45381758365,6064.558466929839
14000,12581.724304096622,14063.214405465313
13000,15102.446321997657,13003.400350623664
19000,13770.744123861263,19342.787173823323
12000,13057.332232002478,12098.676250884977
12500,11500.762605552194,12567.657831547998
4000,12296.35954735311,3755.367910246503
15250,12629.285096887208,15770.720965425402
21000,14484.156015720046,21165.240491680946
8000,13057.332232002478,7937.097172399912
15000,14246.352051767117,15278.678426816898
9000,15863.419006647027,9064.1709707331
5500,12343.920340143695,5608.359348009302
2000,11868.31241223784,2011.702640062891
21650,13295.136195955407,21890.699219492024
3000,11735.142192424199,3513.0658291914406
28000,18526.82340291982,24184.112773563575
15975,12462.822322120159,15795.443865256291
25000,12819.528268049551,24890.056199244224
16800,15007.324736416487,17524.555961120313
26000,14484.156015720046,23754.173597822817
23500,12819.528268049551,24858.137156350567
10000,14246.352051767117,9812.959409052879
4000,11059.778934797885,3203.133310974572
30900,13299.41666730656,28416.52811441778
8975,13770.744123861263,7967.182676455832
15000,13770.744123861263,15614.020200328361
15250,12462.822322120159,15911.922775889632
15000,14721.959979672974,15765.385561465193
9000,12248.798754562524,9030.482723392393
3500,12914.649853630723,3194.9667176010535
24250,12596.373028276123,23226.233570919678
35000,14959.763943625901,32190.92663271301
28775,15197.567907578828,26978.355777544697
15000,12557.94390770133,15032.698657501844
5000,12369.222681908286,4740.3357459795425
7000,23639.608627907768,7257.010476690424
15875,11487.826069913155,15378.8375108639
8725,11202.46131316964,8075.184940074798
3600,11392.704484331984,3810.4989563731797
19000,11868.31241223784,18803.508172538903
19950,12819.528268049551,20371.73749659041
5400,12106.116376190766,4372.775813556287
11400,11107.33972758847,11454.03096018484
10400,13532.940159908334,10223.658421883583
12000,13532.940159908334,12053.048835292988
15000,12581.724304096622,15967.015384250188
12000,12439.041925724865,12011.536038628636
23600,12771.967475258965,22720.604998476985
20000,18051.215475013963,21011.48524614786
8400,13057.332232002478,7853.487458102194
20000,13532.940159908334,20551.10934957562
10000,13295.136195955407,9963.429044591872
29000,13913.426502233018,28606.473867094443
9325,11202.46131316964,8986.998817490969
21725,12296.35954735311,21407.838379543253
7200,11487.826069913155,7028.081333602042
26400,14008.54808781419,27478.438663402703
12000,13989.90425704028,13266.640392721636
32400,14579.277601301217,32950.875502566574
30000,19097.552916406847,27616.260736850563
3375,11154.900520379055,2955.2847343270423
1400,11506.850387029388,6389.616825498475
24000,14084.645356279127,23420.233431668486
21000,14959.763943625901,20531.152735729556
28500,13532.940159908334,27255.04754583993
4375,10493.805500589917,3956.683962937057
12000,16386.587727343467,12088.544743395674
21000,14246.352051767117,20315.384652384237
1925,11868.31241223784,1273.5213092436425
10000,11297.582898750812,9933.073980473486
10000,13532.940159908334,10041.40259765275
18000,14721.959979672974,18398.016124271257
9750,13295.136195955407,9691.958152972447
5000,12058.55558340018,4622.606791759414
25000,12724.40668246838,24074.952618818526
10000,13081.112628397772,11256.988618455589
10000,18526.82340291982,10131.352247444573
10000,12201.237961771938,9915.965445684427
9000,13532.940159908334,8722.457659299303
12000,12819.528268049551,13575.6540275485
16525,14645.862711208036,16828.54383905651
10000,12629.285096887208,9930.390890690307
4000,11464.045673517861,3567.749948797953
10000,12819.528268049551,9942.438452983906
25000,13532.940159908334,25840.112033849706
14000,12819.528268049551,14253.384895414876
11100,13889.646105837726,11086.57906131142
4000,11630.50844828491,3206.854934240975
24600,13295.136195955407,25694.116031283025
17600,12343.920340143695,17718.464363997147
2000,11694.506251063924,1067.1825675957816
24800,14008.54808781419,24559.6985847927
15925,17195.121204783423,16035.6709670195
10000,11392.704484331984,9858.574062032281
10500,14959.763943625901,12558.606896936299
12000,11725.630033866082,12019.167573416327
2000,13057.332232002478,1333.3454191470437
2500,12343.920340143695,2913.435466687364
16000,14631.59447337086,16669.44428302571
5100,11678.069241075496,5279.945801917938
14675,15673.175835484686,14636.673751319153
8500,11868.31241223784,8398.793762630145
4600,12296.35954735311,3600.7964149916224
9000,12106.116376190766,8956.127588123285
31500,22807.29475407252,32829.59283689688
9750,11392.704484331984,9744.723289501731
7200,11107.33972758847,6947.1363940527135
5000,17528.046754317522,5400.222128744415
35000,17099.99961920225,37012.64532657707
30000,14959.763943625901,27307.772601387587
11200,12486.602718515453,11117.199190801703
10000,13295.136195955407,9875.93619646253
35000,13532.940159908334,29726.747162460815
16500,12581.724304096622,16303.649580547344
6000,11678.069241075496,5701.979654304601
5000,10845.75536724025,5026.591384099809
12000,12962.210646421307,12007.559682750949
26625,13295.136195955407,24654.152844735734
20000,18526.82340291982,19938.84137045411
19250,12819.528268049551,19005.618970681455
7950,11198.085720232906,6738.257912956857
18000,13770.744123861263,18124.279315503183
13200,14864.64235804473,14452.26331155915
19050,11979.60466736781,19733.718712464775
24000,15150.007114788245,23777.36621087692
7075,12462.822322120159,6593.966184202471
4800,12010.994790609595,8415.053989700416
21000,12819.528268049551,21076.765748180376
9250,11915.873205028425,9045.347227748583
8050,13500.598820810736,8015.005161272335
15000,15197.567907578828,15929.227321936201
27000,14341.473637348288,24449.90668029619
5825,11202.46131316964,5279.2233342851505
9750,11345.143691541398,9677.667072633833
5000,11599.536860019682,5262.790539231586
11000,13437.818574327162,11120.616076941342
7500,10964.657349216714,7289.963726655136
20000,12343.920340143695,20213.329324769198
19400,13295.136195955407,19455.029841572235
8000,14246.352051767117,8115.473347994293
15000,15578.054249903515,14848.419416401883
10000,13354.111579015733,11979.497154433882
20000,12343.920340143695,19411.720938524362
12000,11868.31241223784,12024.6496984977
4000,13732.695489628793,3545.935926027789
7000,11773.190826656668,6744.524654631385
6000,12439.041925724865,5910.20912178409
10000,13295.136195955407,9833.115102371796
4200,11678.069241075496,3811.674478370918
5000,13675.622538280091,4787.576737542615
8950,11820.751619447254,8915.975741999486
34800,17623.168339898693,34818.477168067846
10000,12058.55558340018,10022.419771946077
14000,13532.940159908334,14127.34407748216
30000,17099.99961920225,25673.666765377013
7500,11728.00807350561,7023.707432099374
6400,13295.136195955407,6146.421942141156
18000,15435.371871531757,18089.765487022072
12750,12213.128159969585,12796.932511963792
2000,11392.704484331984,1023.9885905892561
16000,13770.744123861263,16160.503193932424
12000,12296.35954735311,12035.529771992226
18000,13865.865709442434,17809.983904180954
15000,11820.751619447254,16069.882707341954
3825,11773.190826656668,3345.080614362094
6000,11573.435496936208,6171.0707914540835
6000,12905.137695072604,5835.264002567306
14400,13057.332232002478,14678.01545969732
5375,12534.163511306037,4409.8700922221215
10150,11392.704484331984,9644.358279792023
14000,14103.669673395361,15234.52580636784
29000,15435.371871531757,28664.575296770883
18000,14246.352051767117,17853.126313302695
17600,13057.332232002478,17711.270838926634
17500,13532.940159908334,18154.755051750297
14675,11725.630033866082,14824.516587639513
5000,12248.798754562524,4888.951032914198
28000,14484.156015720046,25466.129131079986
13000,13104.893024793064,13069.607601950634
5000,11107.33972758847,4095.2078543806347
10000,12629.285096887208,10013.407936371275
30000,14436.59522292946,27174.64564382231
25000,14484.156015720046,23839.035120203895
12000,16624.391691296398,11998.99574954121
24000,13675.622538280091,23791.107804393803
5000,12724.40668246838,4149.593964524231
17500,11868.31241223784,16936.83751654182
14700,12885.828013199627,15821.487757087476
15000,13485.379367117748,14824.947273075139
10000,18526.82340291982,10004.17449586835
2900,10869.535763635542,3139.487386248882
22850,15673.175835484686,21417.548976489597
13000,13057.332232002478,13165.471511319038
13575,14008.54808781419,13585.234273295277
12000,11107.33972758847,13557.605003002502
9450,12248.798754562524,9346.049969327625
6400,12343.920340143695,6006.10290865121
7000,13580.50095269892,6963.5548050158395
26000,15815.858213856442,25815.12489441956
15000,14151.230466185945,14801.833682578837
9000,13485.379367117748,9034.413910493613
1375,11487.826069913155,-480.5028243612178
10000,12990.747122095658,11806.134027049875
10750,11392.704484331984,10692.32599443408
12000,13865.865709442434,12046.381856201557
12000,13366.477385141285,12110.046562752885
7000,12542.153724494856,6762.617003825364
8000,14959.763943625901,7780.398468238032
20400,15673.175835484686,20234.036375646414
20000,14817.081565254146,20192.035602643613
12000,12581.724304096622,11898.387896793842
9950,11487.826069913155,9822.145616109801
21000,12962.210646421307,20680.51936267923
10000,13138.042897368103,9871.342175589345
20000,14531.716808510631,18651.93420843801
18550,12534.163511306037,19208.557734162117
12000,11868.31241223784,11975.545705383598
25000,13770.744123861263,24320.538341645122
25000,15150.007114788245,22587.577129622834
13000,11780.800553503163,13014.49098057653
4250,11535.386862703741,2205.5781683968144
5275,12705.382365352145,4975.9105951450165
22000,13984.767691418896,22829.338711568445
10000,13770.744123861263,11941.662957549006
10000,12343.920340143695,10029.722001269509
16800,12629.285096887208,17491.54941675908
8000,13770.744123861263,8168.5859764792185
3600,12248.798754562524,3506.7130717900454
16000,12439.041925724865,16269.28426663167
34000,13865.865709442434,32592.40927859347
20000,13057.332232002478,20367.085614970078
12000,14246.352051767117,12186.729802616106
19075,12926.540051828368,19419.948212812626
25000,13057.332232002478,25554.003488114977
12000,15007.324736416487,12065.780882324389
17000,12391.481132934281,17059.94827890602
6000,16148.78376339054,9733.692336736056
15000,12343.920340143695,14679.163981460251
14100,11868.31241223784,14376.759206126944
14450,13580.50095269892,14349.755874673736
8100,14008.54808781419,8090.650685619117
10000,21856.07889826081,9847.271719175222
19300,12819.528268049551,19111.6793727764
3000,13770.744123861263,1843.8644033185046
10500,12415.261529329573,10331.8762612954
10625,11487.826069913155,10519.812519713973
25000,17099.99961920225,24553.323557526244
18550,11773.190826656668,18838.991591799408
19200,12914.649853630723,19111.34684224129
11525,11596.169555890108,11537.007131026921
26375,12581.724304096622,25089.06543303618
10000,14151.230466185945,12149.671845647446
15000,12237.384164292784,14666.138423867751
18000,15102.446321997657,18679.97070130791
13000,15007.324736416487,13134.20443271065
30000,14531.716808510631,30847.344731846533
35000,17099.99961920225,37415.74453328322
4200,11630.50844828491,4392.240141269216
10000,11725.630033866082,9979.690664343654
24000,20424.30879209302,23620.056975263637
8400,12106.116376190766,8061.055965569654
14400,12343.920340143695,14547.26429477741
3000,12771.967475258965,3359.377159859401
7000,12629.285096887208,6752.317912411876
18000,12819.528268049551,18626.852085432503
25000,14008.54808781419,22947.54610581784
20000,12581.724304096622,19509.057152923393
9000,16148.78376339054,8976.630086154413
18000,12914.649853630723,17759.039139884495
10000,13009.771439211892,9914.128843797147
5000,13176.234213978943,4943.0748918936315
9600,12819.528268049551,9692.398175174438
12000,12771.967475258965,13462.837547125162
30000,16624.391691296398,28141.303943128965
6000,12819.528268049551,5996.764556410935
20000,14412.814826534166,19922.927897610993
24000,17575.607547108106,23498.933089685648
35000,14793.301168858852,30647.9153286344
3000,13200.014610374235,2491.5930931649127
12000,13152.45381758365,12052.669541678892
10000,12819.528268049551,9861.662971875308
15000,13865.865709442434,15255.85333358788
2450,11107.33972758847,2695.548207076672
6000,14103.669673395361,6110.745436125762
7000,12296.35954735311,7074.719694119931
15000,13035.834753661133,15028.711148110227
12000,15673.175835484686,12010.2410787424
10000,13057.332232002478,10011.35519407565
13200,14103.669673395361,13462.930073307549
19125,12581.724304096622,19619.660474570563
35000,14721.959979672974,33038.420477047504
20000,12581.724304096622,20152.481581277876
20000,13295.136195955407,20555.092658997622
7000,11963.433997819011,6058.712270255559
28200,13532.940159908334,27381.687180693858
19000,12581.724304096622,19333.394857316765
12000,13200.014610374235,11939.598362997496
12000,13342.696988745993,12043.60560566699
25500,13485.379367117748,23042.284626762703
7000,12914.649853630723,6744.303586323855
29175,15673.175835484686,27677.378613878034
6250,10993.193824891065,5778.5096355602545
16500,12010.994790609595,16494.0623063694
10000,13057.332232002478,9958.825137710346
7200,13770.744123861263,7359.903781511983
6500,11725.630033866082,6233.526936433171
15000,24234.118537790087,14773.91277829552
5000,13561.476635582685,5011.815579984293
23850,12534.163511306037,21874.039185893882
20000,20429.255114543244,19675.210379112752
16000,16148.78376339054,16011.987900240549
3500,13294.945952784245,3832.1795809756204
2875,10726.853385263785,2575.1868106376896
35000,16148.78376339054,33741.498285532994
10400,13913.426502233018,10414.767585156123
18000,13770.744123861263,17350.30694086248
13000,11678.069241075496,13021.341959205622
10000,12832.750168445333,9927.120639421131
5000,14008.54808781419,5071.650887696078
13000,11915.873205028425,13166.90594825493
3275,10703.072988868493,2794.9892917872294
15000,16148.78376339054,16023.218240670541
3175,15054.885529207073,1336.2870805687098
2250,11535.386862703741,2457.1456713239004
24450,13079.043733911381,23836.14664334948
12000,12486.602718515453,12089.006677145537
6000,11915.873205028425,5850.753816713059
10800,11660.947355670885,10701.121124189196
23075,12581.724304096622,22272.122671666242
35000,14721.959979672974,36834.002085644286
13800,13057.332232002478,13648.994932063417
12000,12343.920340143695,13590.491590306936
9600,11620.996289726794,8428.052744720058
2000,11678.069241075496,1784.4609831167218
20000,14246.352051767117,20206.46357238335
20800,17099.99961920225,19291.860496186782
14575,12142.262578711612,14276.803854382799
18775,13318.916592350699,18947.576342975153
34800,16481.70931292464,36895.17177743092
10000,17099.99961920225,10002.588465630592
10000,15815.858213856442,10127.282387641097
10000,12343.920340143695,12036.54423048262
12000,14721.959979672974,12020.838186373983
30000,14531.716808510631,28454.852790955447
33000,15197.567907578828,30654.220847348603
8975,12810.016109491433,8835.154613394163
15000,12581.724304096622,14844.25503188103
11000,12343.920340143695,10966.672488350972
9000,11630.50844828491,9017.82437221582
8000,12343.920340143695,7929.910945503312
22000,12819.528268049551,21284.208375854236
35000,14721.959979672974,36328.5535869259
8000,12867.089060840135,8199.019071154265
12400,11868.31241223784,12258.544687979438
12500,12343.920340143695,12394.918094943978
19000,12010.994790609595,19401.9903663706
5550,10964.657349216714,5140.027810487898
8000,11725.630033866082,8063.134491047094
35000,14959.763943625901,36732.574483936136
3500,12629.285096887208,3177.4281510875844
17050,11773.190826656668,17145.53517298041
13000,12843.308664444843,12976.748450988756
13000,13295.136195955407,13213.77047935497
15000,14531.716808510631,15140.910674837802
8925,11154.900520379055,8771.274839821246
8000,14721.959979672974,8054.2734964987485
14825,11963.433997819011,14884.903534134619
15000,14721.959979672974,14625.702574162986
13000,13200.014610374235,14332.342145215693
4800,13057.332232002478,4791.359002028557
6700,13428.306415769046,6421.02845988136
20000,13437.818574327162,20266.82712180054
32100,13295.136195955407,31143.35217024995
10000,14293.912844557704,9990.281782690921
15000,13628.061745489505,15112.267376870319
12000,12324.89602302746,11994.97112568066
19300,12153.677168981352,19006.820222878312
5000,12106.116376190766,4926.332034494268
3200,19478.03925873153,1754.4879340638781
16800,15197.567907578828,16668.954515460115
8500,11392.704484331984,8325.561284732248
21000,16434.148520134055,21052.8059967432
21000,13770.744123861263,20301.630664322736
26400,12819.528268049551,26817.73489414426
24000,14484.156015720046,23852.725746492448
14350,11868.31241223784,15493.11634988354
22250,12343.920340143695,21402.377965055108
2400,10879.047922193658,1718.5035945392574
4475,13485.379367117748,4426.008675781417
17625,11963.433997819011,18064.544439190526
24250,14721.959979672974,26356.697675798816
35000,16006.101385018785,30792.50379021703
18250,14531.716808510631,18438.69716453021
16000,12534.163511306037,16803.417144444844
16975,11989.972920196156,17544.423884042328
8000,13057.332232002478,7937.924554228222
17100,13532.940159908334,16820.03426977784
5150,13152.45381758365,5427.777905712177
18825,19478.03925873153,19365.83317464457
12000,12296.35954735311,12104.933158473317
32100,13295.136195955407,30187.42033967925
25000,14793.301168858852,23179.682581248322
14000,13175.758606051037,14020.820156731881
22500,15197.567907578828,21111.71385837034
10000,16624.391691296398,10042.682406782604
12250,11630.50844828491,12184.962861192083
12000,11773.190826656668,12020.62770103639
8500,13770.744123861263,8039.822640124741
15000,12724.40668246838,14707.23018969513
10000,15340.250285950586,9813.048006377301
1500,12724.40668246838,1436.0261800020526
13600,14293.912844557704,14717.073692294582
3250,10441.488628520272,3497.4922481762696
6000,11301.38776217406,5614.287166712051
7500,11487.826069913155,7346.635646681414
14400,12106.116376190766,14366.68587347703
10000,13913.426502233018,12017.185031561768
13200,12581.724304096622,13236.742967344884
9600,14526.960729231572,9519.926952778795
7200,11582.947655494325,7338.955882186217
10375,12106.116376190766,10053.07044682183
3600,15530.493457112927,4163.0047418774975
6350,11868.31241223784,6551.506472975292
16000,12819.528268049551,16224.187652747687
8400,11963.433997819011,8269.5991152853
18225,11915.873205028425,18606.015483703464
16000,16101.222970599956,15626.673598445106
12500,13057.332232002478,12423.91089682255
15000,12914.649853630723,15310.03485782914
10000,11440.26527712257,9944.953655144118
6000,11345.143691541398,5601.610721179421
6000,11573.911104864113,5723.696917847139
23275,13057.332232002478,22910.709474839685
20400,14056.108880604776,19977.938731787173
9750,11392.704484331984,12048.237638539862
12000,11820.751619447254,11979.10766615852
7750,11392.704484331984,7500.289623848623
15000,11868.31241223784,15382.06693204849
4200,11487.826069913155,3630.980671442645
4600,16148.78376339054,4948.816597601795
22000,14721.959979672974,22667.774537358964
17625,12819.528268049551,17672.608317086793
7500,14077.511237360539,7371.424480835563
30000,14198.791258976533,26298.82667525186
12000,16006.101385018785,12006.593838984214
14000,11963.433997819011,13836.061464090211
20000,17813.411511061036,19633.956887549437
20500,12153.677168981352,21022.896379458827
16000,18526.82340291982,16170.719754312135
1875,11107.33972758847,1905.765144893192
14125,13009.771439211892,14392.31441569685
30000,23045.09871802545,32111.673638888053
15000,15578.054249903515,15028.055888604811
4800,13390.257781536577,7980.025636142816
10000,11868.31241223784,9933.841265029454
21000,16386.587727343467,21275.249004457437
15000,15197.567907578828,14939.314744043035
10000,12581.724304096622,9918.69100999016
18950,14008.54808781419,19040.578077521117
15000,15910.979799437613,15846.805857303354
17875,11915.873205028425,18560.327401894967
8000,13057.332232002478,7773.585556321552
6000,11296.774365273372,6229.554463193645
14000,14274.888527441468,14169.275875669982
4000,11368.26774899618,4057.32445515735
10000,12486.602718515453,10060.432663272693
11975,14270.13244816241,11932.660271654922
19500,13960.987295023604,19354.777463757426
6000,15673.175835484686,5825.1157794139435
13500,12486.602718515453,13537.291681750745
25975,13057.332232002478,27347.35604517274
18000,13532.940159908334,18765.68524400892
20000,13532.940159908334,19731.59329612476
20000,12439.041925724865,20255.841867589254
9925,12993.36296569914,9715.44035589312
18000,13532.940159908334,18146.780738744957
3000,16624.391691296398,1869.8790742129222
24000,15910.979799437613,23031.867940183904
10625,12343.920340143695,10664.810342302093
12000,15673.175835484686,11985.53189749942
10575,12581.724304096622,10528.39629079489
25000,14250.916936659158,24704.348810227035
20125,12534.163511306037,20015.756424174506
12000,12027.926432843044,12131.434586516441
12000,12819.528268049551,11951.381564714166
17000,12914.649853630723,17162.10733206939
35000,25423.13835755473,34574.11757914868
7000,12058.55558340018,6837.309347887467
9600,11647.630333689522,9675.969699753647
28000,13109.649104072123,27217.729934486837
4000,13057.332232002478,4266.172353992841
15000,13609.03742837327,14696.86111109306
16000,12106.116376190766,16487.638286929323
18000,12819.528268049551,18498.55376953818
20000,13200.014610374235,20408.43766390773
11500,11587.703734773384,11421.72229955666
15000,12819.528268049551,15101.443297298794
8000,15102.446321997657,7854.569178622833
11000,13437.818574327162,11016.902376161315
8000,12724.40668246838,7819.630954736653
7150,12876.601219398253,7341.599502520856
20400,13295.136195955407,20456.66280008263
20000,13271.355799560113,19567.17993822303
4900,12343.920340143695,4333.95956396315
21600,14153.84630978943,21993.46360033973
15000,13437.818574327162,15479.439449854146
14525,12320.139943748401,14513.823803341957
6275,13152.45381758365,6140.915466490125
7500,14579.277601301217,10546.099536799878
24000,16148.78376339054,23739.55881518205
24000,14180.71815771611,23329.231622101317
11725,13295.136195955407,12944.052541690462
3600,11725.630033866082,3421.201351099022
15000,13770.744123861263,16038.78809026307
5000,11392.704484331984,5168.762526699327
15000,14008.54808781419,16033.076865884663
7800,13770.744123861263,7735.160568175856
16000,11731.717815343278,16611.439638589625
16625,14246.352051767117,16815.40759860637
17625,17954.23901851396,17835.2161261531
6500,11121.607965425646,5625.8067568661245
7300,12106.116376190766,7175.526888449171
16000,15600.835869650204,16537.666138602137
12000,14721.959979672974,12066.049189631553
18800,13390.257781536577,18467.03052556784
9800,13532.940159908334,9871.305783110916
7200,12343.920340143695,7275.859589538992
14300,12343.920340143695,14302.214809486743
6250,11868.31241223784,5849.463279981888
4750,11154.900520379055,3738.560090644647
20000,12201.237961771938,19490.00698260755
17000,14959.763943625901,17279.035829180895
9600,11963.433997819011,9692.024281172611
9100,14008.54808781419,9262.198633032041
16050,12581.724304096622,16559.385994274635
20000,16148.78376339054,20471.439043845166
15000,12457.115026985288,15599.051813726897
5000,12439.041925724865,4401.0471392788295
6400,14008.54808781419,6424.873157293829
24125,18127.3127434789,25028.32741287967
25475,13091.195516469375,26301.482804081912
9000,12439.041925724865,8806.427577775064
1500,11667.605866661568,1211.4299857824708
10000,14721.959979672974,10059.594953450718
9600,13223.795006769527,9569.266899953946
10400,13532.940159908334,10355.496779516843
5400,13770.744123861263,5620.84484360741
5200,12439.041925724865,8725.950180655882
6000,12106.116376190766,5750.186543349291
20000,16006.101385018785,20394.281944949675
30000,13770.744123861263,27736.350202501926
12000,12581.724304096622,11856.674149397657
12800,11563.923338378092,14086.725502404823
19125,14255.864210325235,19597.18741189332
9000,12296.35954735311,8977.623809607878
35000,15054.885529207073,31550.021199800925
5000,11868.31241223784,4968.773809584984
11875,11392.704484331984,13130.964262544005
7750,11678.069241075496,7858.73588679531
3000,12581.724304096622,2527.9322641380422
5000,15910.979799437613,4518.66913499011
14000,12534.163511306037,15169.25754296583
10000,12540.441535954395,9720.855177433508
6000,12020.506949167713,6149.466347945903
3000,16386.587727343467,2896.950801439507
6150,12686.35804823591,5876.688131486801
19000,12439.041925724865,19120.6885088142
7750,12010.994790609595,7125.933925590893
7775,11741.990946586044,7775.563502542391
10000,11868.122169066677,12120.818309745375
20000,13295.136195955407,20183.74461763595
7700,11630.50844828491,7794.457392570672
8500,11487.826069913155,8310.912625169296
16000,18574.384195710405,16958.745448955662
14900,11582.947655494325,15970.144415340035
17500,13532.940159908334,17191.077343391305
3075,10849.94071700582,859.3933486634787
7175,12343.920340143695,7221.7581268825015
25000,14436.59522292946,23063.346823233274
14400,14817.081565254146,15009.843018898906
7000,12001.482632051479,7106.9876241649
23450,13295.136195955407,22187.69452247046
3200,12914.649853630723,2110.0094878266336
14000,12962.210646421307,15178.185605213786
6000,11605.015863349157,9334.827730215598
10000,12486.602718515453,9920.48828840057
27175,13200.014610374235,26100.054537456446
35000,17099.99961920225,30101.311354007325
13500,14008.54808781419,13463.602996910633
3600,13066.36878263269,2646.9508612352474
15000,11868.31241223784,15014.87460515879
6500,12819.528268049551,6425.957230086926
22400,13770.744123861263,21595.530281515465
30000,13295.136195955407,28663.394049246126
15000,13342.696988745993,15138.672739345237
23000,13532.940159908334,22371.392173456064
10000,12248.798754562524,12126.183201645794
6000,19478.03925873153,5992.39913382729
27000,14008.54808781419,26177.115333252797
20000,13532.940159908334,20077.542140288657
7500,11868.31241223784,7638.439438085574
14000,12058.55558340018,14401.150002131324
30000,14151.230466185945,30098.16167624112
17225,13057.332232002478,17156.161498857335
15000,13057.332232002478,15416.043341833143
14775,13295.136195955407,15495.70451690987
12000,13295.136195955407,12053.784991894232
25000,13057.332232002478,23424.109936785586
10000,12962.210646421307,10064.36365659753
24000,14246.352051767117,22024.53019648703
16000,11963.433997819011,16495.1679516531
12000,12296.169304181947,11980.231786585393
9775,11773.190826656668,9656.72790786153
16500,13057.332232002478,16094.660955882327
6000,13057.332232002478,5757.572907532205
10000,12914.649853630723,9930.385279487216
12500,12534.163511306037,12529.189620474592
12000,11678.069241075496,11941.947396477777
8000,11392.704484331984,7218.873939276602
10000,13532.940159908334,11721.345118677758
25000,14412.814826534166,22173.62770791295
5000,10917.096556426128,5137.725381128706
22000,12106.116376190766,20696.842998137494
15350,11678.069241075496,15461.51689183714
2000,10736.365543821903,1737.231523245142
21000,17099.99961920225,21402.0075846864
6000,10964.657349216714,5746.946794319492
15000,13057.332232002478,15322.58203747179
12000,12914.649853630723,12067.958868559095
5600,11107.33972758847,5430.413761125248
16000,13865.865709442434,15871.463470156848
24000,13651.842141884797,22536.7299348588
9000,12343.920340143695,8932.049703716824
5950,13295.136195955407,4251.151312197719
24925,15197.567907578828,23980.012467221044
8975,12486.602718515453,9001.151679908244
20000,14959.763943625901,19802.616521391457
19700,12362.94465725993,19363.640643108833
15000,13770.744123861263,15029.09857705896
6400,13057.332232002478,6211.081206252538
21000,14531.716808510631,21848.01929825096
3000,12676.845889677794,1782.7648169271306
6000,11392.704484331984,6076.909975750945
16000,13699.402934675383,16504.802666501862
7675,12676.845889677794,7516.86224111417
10000,14008.54808781419,9841.717273619144
4500,11392.704484331984,8149.765197595918
13475,13057.332232002478,13700.711743086033
14400,20667.059078496168,14379.811110866265
7000,11678.069241075496,7319.065425632216
15000,12201.237961771938,15853.841389533181
18000,13865.865709442434,18925.931684901407
12375,15292.68949316,12363.726242101473
20000,13770.744123861263,20174.73992440319
15000,14805.096245470917,15793.291389963482
10000,14341.473637348288,10057.654589283726
21000,12581.724304096622,21371.4074295647
6000,11678.069241075496,6112.263532408788
8000,13295.136195955407,7778.565401396885
10575,12724.40668246838,10548.402949426943
1600,11164.412678937173,1202.2445116462377
18000,13651.842141884797,18473.036154610607
6850,13057.332232002478,5909.83393781085
35000,17851.460145293502,38024.13486748389
1600,14312.179993852711,1489.246449785178
10000,11725.630033866082,9933.129849594176
10000,12581.724304096622,12033.071750493198
12000,12510.383114910745,11760.81556098869
33800,15007.324736416487,29890.699230173646
14800,13295.136195955407,14740.67841374704
20000,15197.567907578828,20503.002253896426
4000,11392.704484331984,2784.796095097423
5000,14436.59522292946,4481.920740058802
23850,13983.34086763518,24393.877772264408
16800,13957.562917942683,16936.099752106624
8000,14246.352051767117,8141.137325620704
16000,13104.893024793064,16680.175211073263
10550,12819.528268049551,10543.287076632501
5500,11392.704484331984,5619.444313387843
1800,11059.778934797885,-199.48622200685895
27325,14199.599792453973,30429.776423404823
20000,15578.054249903515,19584.069756840116
10000,12581.724304096622,9987.683978013205
5500,12819.528268049551,5369.981045279688
25000,13532.940159908334,26215.67177884462
35000,14721.959979672974,29733.774288208187
24000,15221.348303974122,24828.72518131398
20000,13532.940159908334,20662.684652987067
7000,13057.332232002478,7156.448129930435
25000,16386.587727343467,24858.29345946631
7000,11297.582898750812,7212.8004228080845
8000,13247.575403164821,7868.533124826405
24125,13223.795006769527,24285.698301975623
12000,16148.78376339054,12048.253407883583
7200,11963.433997819011,6809.175500208781
1200,10707.829068147552,1444.1213680502897
18000,13271.355799560113,17538.22170645037
9000,12819.528268049551,8871.785392782594
11200,12439.041925724865,11059.654025608672
10000,15292.68949316,10069.818110117847
4800,12724.40668246838,4775.070020074114
15000,13108.317401873986,15730.214812981709
35000,17052.438826411668,32294.49700491374
24000,19478.03925873153,21972.527250082152
27000,14056.108880604776,24650.87042698636
13600,15054.885529207073,13714.97245138942
5000,12819.528268049551,4576.655460835676
9000,17337.80358315518,8715.69585536262
8000,12629.285096887208,7771.420117938385
15825,12819.528268049551,16558.59446305834
21000,13414.03817793187,20757.594992178143
4200,11535.386862703741,3697.010966456186
5400,12010.994790609595,5469.864475983566
11075,13770.744123861263,10859.33240476472
3500,12439.041925724865,3795.072032687649
10000,12581.724304096622,9987.789517006191
6400,11630.50844828491,6176.009859558339
7500,12819.528268049551,7165.819507409942
15000,13057.332232002478,15204.450597323028
7575,12534.163511306037,10867.656456199757
29475,13081.112628397772,29636.265715138055
9700,11868.31241223784,9141.223842456493
10000,11630.698691456073,11784.790939993212
26400,13532.940159908334,26287.90851213096
23200,13057.332232002478,23644.1358103991
3600,14864.64235804473,3872.4375562664372
9000,12629.285096887208,8954.330673216056
14000,17099.99961920225,14208.498466151452
10000,13165.53303560106,9886.891043935864
11100,11630.50844828491,11093.165576874218
25750,12629.285096887208,25712.987811505584
1500,12106.116376190766,1716.5687935655442
24000,16148.78376339054,24675.525643990986
2875,10465.269024915564,2467.153222153953
18550,14198.791258976533,19105.89432381856
22250,12343.920340143695,20541.314847776914
5000,11961.05595817948,4661.683937872096
4000,12581.724304096622,4154.669306998347
4800,11868.31241223784,4694.40841119088
35000,19953.647186637387,38462.21297575657
9600,13580.50095269892,9547.807011772607
3500,11725.630033866082,3165.8450007535375
15000,12867.089060840135,15151.857308683479
6000,11673.313161796439,5854.624038274678
20000,14246.352051767117,19866.502552083934
15000,26136.55024941351,15109.449268628452
13150,14721.959979672974,14377.063208235604
10000,11630.50844828491,9575.856690518423
14400,11773.190826656668,15275.681745926098
25000,13532.940159908334,26066.19658569403
14000,12819.528268049551,14249.984978770777
1000,13104.893024793064,696.0312295278954
15000,13532.940159908334,14840.612688289833
14000,14531.716808510631,13771.368035754609
8075,12343.920340143695,7910.674963187583
27000,17099.99961920225,26818.460795803527
4000,11107.33972758847,3542.340170315938
5500,10650.756116798848,5343.279523737989
12000,12833.130654787657,11997.540443235745
10000,14721.959979672974,9960.252519292631
10000,12819.528268049551,10076.152674980169
10000,11392.704484331984,12113.52765947503
18000,14864.64235804473,18191.59338038345
20000,14274.888527441468,18621.19406239988
8100,13390.257781536577,8267.421578007228
21000,15102.446321997657,21267.882082895616
10000,11630.50844828491,9949.6816591624
4000,11012.2181420073,3938.188275416627
21850,12343.920340143695,21641.535882054093
15000,12495.924633902407,14877.436895853256
35000,13865.865709442434,36113.65654647802
16000,13532.940159908334,15860.756647731409
14800,12724.40668246838,15758.119693788298
28000,14436.59522292946,27014.120301351868
9000,12676.845889677794,9037.1354552013
6675,12819.528268049551,6478.183570928355
12000,13994.04204601306,11802.497229556973
5250,13390.257781536577,5515.503878581128
5000,11820.751619447254,5024.2781102167155
10000,12465.29548334527,10037.372857569286
5000,13532.940159908334,4511.051217143586
7200,12439.041925724865,7086.4938946018865
8000,13960.987295023604,7563.64257665299
14000,14912.203150835316,15235.30731909448
3200,12106.116376190766,2891.7484530362417
20000,12819.528268049551,20194.69983569996
6000,12439.041925724865,6111.711907212681
17600,15720.73662827527,18019.94242698921
8000,11297.582898750812,7766.456807023957
10000,12729.876173639297,10024.99742381416
2400,13770.744123861263,2595.5899699614256
16550,14094.157514837243,16052.27232694873
7000,13390.257781536577,6900.614929310139
17625,11868.31241223784,18431.900209931817
11500,11630.50844828491,11550.90088996308
15000,12343.920340143695,15791.61984732059
4500,11963.433997819011,4687.9038092120245
5000,12343.920340143695,4868.670546968993
2000,12248.798754562524,1162.1555679976154
8875,11630.50844828491,8719.50876214608
6900,13342.696988745993,6667.123251134646
10550,15102.446321997657,12427.177313474846
7500,12819.528268049551,7461.052856571134
9000,11511.606466308447,8729.900395375751
8600,11111.905563696366,8431.33819145181
20000,12174.936843358744,20044.75846151924
10800,11392.704484331984,11863.365918441255
12000,12132.274812225589,12040.321035261839
15000,24709.726465695945,14823.057003766915
24925,15958.540592228197,23816.53347588869
4400,12106.116376190766,2106.9935242374067
20000,12819.528268049551,20224.43427897973
12800,15292.68949316,12887.19206101892
15000,15482.932664322343,14789.238078629996
11000,12486.602718515453,12196.180930038952
20000,14008.54808781419,19806.56771878234
16000,14721.959979672974,15857.736340129986
10000,12819.528268049551,11829.04526831892
5275,11154.900520379055,4950.740234060209
25000,19478.03925873153,26347.198780290455
3500,11868.31241223784,2782.55865949733
12500,15292.68949316,12570.481056525181
10000,14008.54808781419,9959.536236091031
18000,12819.528268049551,18292.713451677308
12000,14008.54808781419,12006.120472882727
25050,13295.136195955407,26024.31377115914
10000,12010.994790609595,10007.88327291779
16800,13057.332232002478,17710.30668585196
10000,13532.940159908334,10000.217085281058
17000,11773.190826656668,17407.35360861956
21000,21856.07889826081,21369.117308057706
15000,14641.106631928978,14959.945342180165
28000,15673.175835484686,28883.91459736071
7750,14246.352051767117,7776.54207077432
5300,11392.704484331984,5341.843040266162
12000,14484.156015720046,13710.566864226514
8000,13057.332232002478,7849.351066443956
17000,13152.45381758365,17617.646208421582
24000,13057.332232002478,23291.268856084054
9500,12534.163511306037,9400.744631237249
9000,14484.156015720046,9083.70730956264
11425,12621.199762112808,11274.840518573075
11700,11630.50844828491,11709.95602974271
4000,11630.50844828491,3783.7090897335274
15000,14389.034430138874,15200.08617654456
20625,12581.724304096622,21029.739515802547
16000,12771.967475258965,16938.948386365417
25475,12676.845889677794,24879.19006416973
20000,14769.520772463558,19320.610003015136
15000,13770.744123861263,15012.483001277827
10000,12819.528268049551,9960.011520807815
17400,13152.45381758365,16820.87046095386
10400,13770.744123861263,12470.840600112448
16000,15910.979799437613,16580.045337311793
8000,11630.50844828491,7816.271409288753
10000,13390.257781536577,9954.59851399798
4500,12134.652851865118,4350.034085800056
12000,11963.433997819011,12975.47789915803
2400,12819.528268049551,2776.627727277526
6400,14626.838394091803,6076.138390298514
12000,12676.845889677794,11983.9279410488
16425,11868.31241223784,17172.88135677595
29850,13200.014610374235,28297.45464742706
20000,13342.887231917153,20556.4841268593
14000,14721.57949333065,13929.694044656198
13000,12106.116376190766,13013.964822511238
10000,12819.528268049551,10076.943509799416
10000,12629.47534005837,11888.716786410429
4800,11012.2181420073,4668.546429881688
9000,12819.528268049551,8977.061334586311
35000,14912.203150835316,36748.56104670523
15000,11987.214394214303,15177.031542157269
12000,13057.332232002478,13647.009270704066
30000,14817.081565254146,29685.922639585217
6625,12248.798754562524,6276.154945870656
25000,13532.940159908334,24870.40657521831
12000,12415.261529329573,12051.901146900915
12600,13295.136195955407,12556.259810005375
14100,13923.113684508604,13704.45683262239
15775,12486.602718515453,15943.40435747594
7300,11773.190826656668,7441.93110246389
31300,13295.136195955407,32490.711953332408
3625,10650.756116798848,3558.483169529374
8400,17385.364375945766,8358.633671610542
7125,11392.704484331984,6898.7999019550025
13250,11630.50844828491,13202.8368788194
19000,12581.724304096622,19300.536918420883
10000,14008.54808781419,9934.14141972198
8500,12581.724304096622,8485.02488303542
10000,11697.093558191731,9932.22712765384
22000,12581.724304096622,21524.644868084084
18000,12581.724304096622,18179.372095300263
6000,13532.940159908334,5675.57868660963
16800,13390.257781536577,17074.267920895145
12000,12106.116376190766,13549.839584414973
6000,11630.50844828491,6088.221466687508
20000,14721.959979672974,19553.175460418388
2000,11868.31241223784,1499.563887056007
8500,12213.128159969585,8292.753823946947
25000,16505.29946614877,23568.023933452765
5600,12676.845889677794,5331.627777232414
17325,11868.31241223784,17327.950556286552
10000,12106.116376190766,9916.962075361038
7200,11725.630033866082,7316.678965514351
26275,14484.156015720046,23360.20252044867
16000,12989.034933555198,16163.025447976479
6000,12819.528268049551,5941.605448068134
6400,11350.850986676269,5995.458070214774
12000,13628.061745489505,11918.92538678596
3675,13057.332232002478,3755.768340912813
21000,15197.567907578828,20692.355892306092
25000,14293.912844557704,24419.784601908083
18000,12343.920340143695,18101.202055810012
30000,15910.979799437613,28202.986706701784
11000,11154.900520379055,10953.535483440211
35000,15197.567907578828,36907.192088699965
26000,14625.316448722504,23374.533028620644
20000,12581.724304096622,20220.094443477537
35000,26612.15817731937,37523.190875231005
7200,18051.215475013963,7254.562284396199
35000,15078.665925602365,32636.39738487483
18000,12343.920340143695,17852.065915516258
10000,12581.724304096622,9920.516220263331
20950,13580.50095269892,21059.74174326229
1500,12819.528268049551,659.6323475192739
15000,11860.98805014809,15059.090297892135
11000,12106.116376190766,12852.392568101235
10500,13295.136195955407,10557.668609106217
14125,11733.144639126995,14250.209869398737
20000,12629.285096887208,20432.050723972163
6000,11487.826069913155,5694.25066763195
11200,11630.50844828491,11164.281975550128
10000,12581.724304096622,9904.330132796333
2500,13342.696988745993,2868.736735911374
7800,11297.582898750812,7588.670927847259
6500,11154.900520379055,6551.152004108435
14700,12511.096526802603,15615.937207666144
16850,13546.019377925746,17661.560234740784
3000,11868.31241223784,3009.4418951049647
16000,12724.40668246838,16490.277259829738
20000,13032.600619751374,19629.872382466805
13000,12676.845889677794,13067.028952683426
14400,11487.826069913155,15331.274243760601
6000,11345.143691541398,5873.097987388961
23475,12914.649853630723,22885.79127517096
10000,15525.880060212241,10160.326345911317
15575,13295.136195955407,16343.743502037987
12000,13152.45381758365,12033.800603463054
10400,11868.31241223784,10385.225010927183
19200,13200.014610374235,19502.41830433831
24000,16386.587727343467,22576.604974838097
7500,11297.582898750812,7242.105836222943
20000,15197.567907578828,20721.029023796735
21850,12819.528268049551,21953.099758479344
28000,14970.417561210994,28193.27965632978
28000,14721.959979672974,25618.246406747625
11275,11805.341922583104,13174.619966479144
6400,11725.630033866082,6047.807663577338
9000,12095.367637020096,8947.441423711347
8000,15910.979799437613,7537.717611995555
24000,12819.528268049551,22631.440119012113
14675,13770.744123861263,14849.745950353265
12000,12581.724304096622,11914.74896852458
28000,13960.987295023604,26029.72038639884
15000,13675.622538280091,15964.08842119848
12700,11221.485630285875,12470.99678586282
13750,11868.31241223784,15089.029419076427
18000,16434.148520134055,18312.642675672374
10000,12819.528268049551,9963.25396958574
10000,12819.528268049551,9954.468993915818
3900,12201.237961771938,3444.497557171382
7500,11963.433997819011,6660.360072029998
6725,12439.041925724865,6825.332497680074
10000,12391.481132934281,9984.651214490494
1600,13865.865709442434,1672.5241183832095
20000,12343.920340143695,20077.06656802594
6500,10917.096556426128,6552.701378727095
2375,11012.2181420073,928.6395868222062
3000,15910.979799437613,3433.600677874536
2450,10489.049421310858,192.71697193870114
18025,11915.873205028425,18250.498238130735
6000,13865.865709442434,6213.504664557828
25000,15910.979799437613,25812.23633300994
16000,12629.285096887208,16655.701493764645
35000,23045.09871802545,37878.190823744706
8000,14721.959979672974,7118.85750664134
35000,22093.882862213737,34409.23961700781
9600,13057.332232002478,9647.656114501196
20625,12822.381915616985,20449.17124000087
10975,11606.728051889619,10732.842427462101
19600,13532.940159908334,19404.69699207074
18000,13596.671622247719,17577.502194097426
9600,13865.865709442434,9508.914891494729
13225,12153.677168981352,14437.480646080143
7000,12010.994790609595,6836.571118653112
4000,10631.731799682613,4296.8535215425545
25150,12819.528268049551,24502.05165178673
10000,12748.234639656463,10088.679397190366
10000,14817.081565254146,12134.021292931879
12000,12914.649853630723,12006.561252542766
18000,19525.600051522117,18177.749300559633
10000,12581.724304096622,12033.322811004784
6000,11396.699590926393,9641.522320796625
32000,15233.904353270837,29704.16159529118
8000,11868.31241223784,7980.943837050492
8000,13675.622538280091,8045.8715785145
21000,12819.528268049551,21244.829631634573
25000,17575.607547108106,25764.639649197175
12000,13057.332232002478,12012.408067959763
10000,15007.324736416487,10072.0209663478
15000,12201.237961771938,15116.75119495937
10000,12447.602868427171,10087.604903858582
26325,13532.940159908334,27151.135023449933
20000,12819.528268049551,19653.800068150056
8875,13200.014610374235,8422.07188401643
24000,15720.73662827527,23458.125382373473
7000,12670.472743443856,6618.584572576619
8000,11868.31241223784,8118.648204044239
25000,13485.379367117748,24428.846108365913
11375,11172.165088162037,11471.874815583093
5000,11820.751619447254,4764.537081107283
18000,13770.744123861263,18382.9107846501
13800,12724.40668246838,13846.273273454475
12000,12581.724304096622,13395.095698745796
33000,15738.048756851043,32244.353929802586
14050,13675.622538280091,15059.934919340225
25000,15815.858213856442,26281.78112949124
12000,12439.041925724865,13597.822606654985
5000,11630.698691456073,4962.693881184541
25000,14912.203150835316,23803.294998121484
8575,12819.528268049551,8340.142522185664
10000,15102.446321997657,10036.088613673646
5000,12106.116376190766,5103.821157627295
7200,11601.97197261056,6114.639599752651
30000,14840.861961649436,28670.00341087806
20950,12581.724304096622,21237.18440131408
11000,12653.445979624827,10992.305229985754
1500,14008.54808781419,596.1870625832589
8250,11154.900520379055,8205.649302971393
18800,12819.528268049551,19111.316767339136
8575,14008.54808781419,8450.19135809976
17500,12391.481132934281,17447.213037008347
11500,11392.704484331984,11461.632158898088
2400,12391.481132934281,2300.0064117330476
23325,12914.649853630723,22216.587794061234
14000,17099.99961920225,14168.820681646952
10000,12486.602718515453,10062.479671681618
9600,15002.568657137428,9639.660391196185
6000,11963.433997819011,8104.27969600383
4950,10821.974970844956,3512.551601329049
23850,12534.163511306037,22608.35314433879
4800,14674.399186882387,5100.951585033306
12500,14417.570905813227,12420.556527650207
14000,12201.237961771938,14174.996975701464
2700,11487.826069913155,2556.0977271601787
16000,12343.920340143695,16257.274885948025
10000,12201.237961771938,9894.932542527278
16800,14769.520772463558,17324.821536988275
14400,11868.31241223784,15384.615601690626
12000,12819.528268049551,13635.502817764742
6000,13675.622538280091,6025.037502622259
24000,13532.940159908334,22515.238560432845
9600,13770.744123861263,9613.375752929476
11000,15673.175835484686,10993.493038292838
14000,13532.940159908334,14150.911570458285
18000,12886.11337795637,18714.176746080135
24000,13770.744123861263,21704.656720823637
8000,10993.193824891065,7632.010914838169
13200,12296.35954735311,13379.700639650082
3300,13057.332232002478,2214.3117364983773
25200,12819.528268049551,26563.75370090484
15000,11868.31241223784,14787.0659238452
10000,13532.940159908334,10148.815579346161
12000,13057.332232002478,12114.153525002986
9600,12343.920340143695,9532.777819113257
9500,12106.116376190766,9343.137731905843
9600,13770.744123861263,9671.292365569852
15000,13699.402934675383,15867.140052447188
18500,12819.528268049551,18557.130145108385
9600,11487.826069913155,9499.990112504545
7200,14175.010862581239,7080.80600998266
14000,15007.324736416487,14333.52310723698
5125,12819.528268049551,4158.086639442219
5000,14008.54808781419,4163.755586010269
5000,11868.31241223784,4937.285767092031
35000,67038.8320493171,36261.973295949414
10000,11868.31241223784,9933.336805675086
30000,14500.0413205121,29010.510946046677
13000,11868.31241223784,12961.480285549349
12000,13532.940159908334,12071.394012225528
10000,11487.826069913155,9888.250903745853
3675,11773.190826656668,1829.7996059011584
10250,11392.704484331984,10152.06640274391
6000,11582.947655494325,6098.371601859373
5650,14246.352051767117,5461.525878130538
12150,12201.237961771938,13627.827001993859
23000,13437.818574327162,24507.672127175596
12000,13390.257781536577,12114.423127903077
6000,11630.50844828491,6058.974909274024
25600,15673.175835484686,25346.030718497226
16000,13057.332232002478,16527.188198398733
8500,11630.50844828491,8090.852983979987
8000,12819.528268049551,7709.494738933612
23625,14721.959979672974,23990.734486885187
11200,11963.433997819011,11020.3376329369
15000,13295.136195955407,15319.67544308975
16000,14484.156015720046,16101.263372090567
27150,13585.970443869837,27768.145026690625
18000,13770.744123861263,18287.719280065146
4950,11392.704484331984,4451.522892138835
18000,14935.983547230608,18425.562882140643
11700,11392.704484331984,11640.517192697518
10000,13532.940159908334,9755.970490989135
22475,13485.379367117748,22675.63602851593
5000,12106.116376190766,4249.06157098617
30000,13960.987295023604,26216.823748108545
10000,11630.50844828491,11940.775714468456
28000,15673.175835484686,25655.6462590336
7000,14008.54808781419,7111.617547884576
10000,14008.54808781419,9897.40028450121
3000,13808.79275809373,2692.4516630027556
20000,13532.940159908334,20082.956804960486
15000,15197.567907578828,15153.993523163395
30000,12962.210646421307,27186.719159369233
15000,14008.54808781419,15070.67218972837
15250,12106.116376190766,15627.75784992381
7250,13295.136195955407,6767.645375262695
5000,12486.602718515453,4628.489108184502
16000,13532.940159908334,15982.887426119176
18000,16243.905348971712,17766.082367562936
25000,14959.763943625901,24237.803733770757
12000,12439.041925724865,11934.40510640363
4700,10955.145190658595,3746.0096562113777
25000,13675.622538280091,22775.966874065045
8725,11630.50844828491,8704.844715364985
3000,15435.371871531757,2677.8610915823865
4000,11582.947655494325,3963.534649206964
6300,11987.404637385465,6333.242631334038
20400,14008.54808781419,20337.39337722461
3000,12534.163511306037,3131.899923781544
15000,13200.014610374235,15027.822589393922
12000,14008.54808781419,11978.919754053519
10000,13532.940159908334,9815.22895252907
10000,11915.873205028425,9845.937111639878
10000,12201.237961771938,9942.115234384595
10000,11154.900520379055,10039.911920086271
9175,11868.31241223784,9096.650041094746
28000,15673.175835484686,29452.225555642937
23500,15292.68949316,23318.889095095125
14000,12534.163511306037,14017.850601123837
30000,13580.50095269892,29094.863769683543
4000,14341.473637348288,4410.730360169273
15000,11868.31241223784,15129.010554319158
22125,13628.061745489505,23579.0255024476
18000,14008.54808781419,18374.617904814157
10000,12867.089060840135,10014.711286414675
10850,12106.116376190766,12660.774823762591
10775,12819.528268049551,10792.813123324298
15000,12010.994790609595,15830.20907505345
7900,11630.50844828491,7523.996581014206
11000,12581.724304096622,10955.04492633699
12000,15673.175835484686,13609.393473909919
15450,11678.069241075496,15508.275414160906
6500,11487.826069913155,6416.3625656249205
4200,10993.193824891065,3779.965383245395
10000,12717.225002757,9954.016779151707
12600,13057.332232002478,13976.703190899165
5725,18526.82340291982,4233.295029201785
7000,13057.332232002478,7002.530813644587
16000,11868.31241223784,16648.606213347157
8200,12643.553334724384,8196.559333051224
35000,14721.959979672974,36494.85822637483
13500,14967.373670472396,13695.619645808949
10000,12343.920340143695,9968.490539198878
15000,13960.987295023604,15739.748868899094
7000,12657.82157256156,6819.231951413796
7350,13960.987295023604,7485.874644554704
15000,13532.940159908334,15118.087674890596
8500,12343.920340143695,8394.74698194027
9200,12629.285096887208,9087.963935029422
18100,17575.607547108106,17683.825608494553
15000,13200.014610374235,15086.22371666589
10000,14246.352051767117,10116.941648192658
8000,11535.386862703741,7746.04126087829
20900,17099.99961920225,20263.62919930047
5600,13723.183331070677,5275.146601923816
15000,13532.940159908334,14960.990571360204
6000,10714.725383102186,5754.400465330211
5375,10897.358827418035,5316.997936244479
15000,12962.210646421307,15983.154724453447
10000,12153.677168981352,9854.04136659509
12600,11820.751619447254,12600.683659343837
6250,11027.675399664238,5892.306659809759
7750,11499.240660182895,7180.888922282069
13400,12177.457565376644,14460.339935856407
15000,12106.116376190766,15167.768026874734
35000,17670.72913268928,36232.1960758712
20000,17813.411511061036,20274.11059354987
18800,13104.893024793064,19221.150154845724
4000,12867.089060840135,3705.4040967715337
12000,12343.920340143695,12134.686901791969
32000,14721.959979672974,33070.50947646195
8000,12581.724304096622,8078.1507165801595
